vehicle_id,avl_timestamp,start_date,route_id,trip_id,stop_id,current_status,current_stop_seq,latitude,longitude,speed,bearing
5061,2024-11-01 16:24:41-05,2024-11-01,803,2811880_13111,5919,STOPPED_AT,1,30.39979,-97.72044,0.45,
5061,2024-11-01 16:25:01-05,2024-11-01,803,2811880_13111,5919,STOPPED_AT,1,30.39965,-97.72045,4.92,196
5061,2024-11-01 16:25:16-05,2024-11-01,803,2811880_13111,4682,IN_TRANSIT_TO,2,30.398933,-97.72068,0.09,
5061,2024-11-01 16:25:26-05,2024-11-01,803,2811880_13111,4682,IN_TRANSIT_TO,2,30.39867,-97.72062,6.26,138
5061,2024-11-01 16:25:41-05,2024-11-01,803,2811880_13111,4682,IN_TRANSIT_TO,2,30.398336,-97.71959,2.82,104.4
5061,2024-11-01 16:25:56-05,2024-11-01,803,2811880_13111,4682,IN_TRANSIT_TO,2,30.397814,-97.71962,9.61,197.1
5061,2024-11-01 16:26:16-05,2024-11-01,803,2811880_13111,4682,IN_TRANSIT_TO,2,30.39583,-97.7203,8.49,196
5061,2024-11-01 16:26:26-05,2024-11-01,803,2811880_13111,4682,IN_TRANSIT_TO,2,30.3956,-97.72038,0,
5061,2024-11-01 16:26:41-05,2024-11-01,803,2811880_13111,4682,IN_TRANSIT_TO,2,30.3955,-97.72041,5.81,196
5061,2024-11-01 16:27:01-05,2024-11-01,803,2811880_13111,4682,IN_TRANSIT_TO,2,30.393204,-97.721214,16.81,196.3
5061,2024-11-01 16:27:16-05,2024-11-01,803,2811880_13111,4682,IN_TRANSIT_TO,2,30.391771,-97.721725,1.65,196.7
5061,2024-11-01 16:27:26-05,2024-11-01,803,2811880_13111,4682,IN_TRANSIT_TO,2,30.391758,-97.72172,0,
5061,2024-11-01 16:27:36-05,2024-11-01,803,2811880_13111,4682,IN_TRANSIT_TO,2,30.391758,-97.72172,0,
5061,2024-11-01 16:28:01-05,2024-11-01,803,2811880_13111,4682,STOPPED_AT,2,30.391352,-97.72229,7.15,286.6
5061,2024-11-01 16:28:11-05,2024-11-01,803,2811880_13111,4682,STOPPED_AT,2,30.3914,-97.72253,0,
5061,2024-11-01 16:28:31-05,2024-11-01,803,2811880_13111,4682,STOPPED_AT,2,30.3914,-97.72253,0,
5061,2024-11-01 16:28:41-05,2024-11-01,803,2811880_13111,4682,STOPPED_AT,2,30.3914,-97.72253,0,
5061,2024-11-01 16:28:56-05,2024-11-01,803,2811880_13111,4682,STOPPED_AT,2,30.391447,-97.722755,6.57,281.5
5061,2024-11-01 16:29:16-05,2024-11-01,803,2811880_13111,5876,IN_TRANSIT_TO,3,30.392063,-97.72514,11,300.1
5061,2024-11-01 16:29:26-05,2024-11-01,803,2811880_13111,5876,IN_TRANSIT_TO,3,30.392298,-97.725586,4.65,290.8
5061,2024-11-01 16:29:41-05,2024-11-01,803,2811880_13111,5876,IN_TRANSIT_TO,3,30.39174,-97.72602,8.05,200
5061,2024-11-01 16:30:01-05,2024-11-01,803,2811880_13111,5876,IN_TRANSIT_TO,3,30.390049,-97.72669,10.64,199.4
5061,2024-11-01 16:30:11-05,2024-11-01,803,2811880_13111,5876,IN_TRANSIT_TO,3,30.38913,-97.72692,10.73,174
5061,2024-11-01 16:30:26-05,2024-11-01,803,2811880_13111,5876,STOPPED_AT,3,30.38825,-97.72719,0,
5061,2024-11-01 16:30:46-05,2024-11-01,803,2811880_13111,4756,IN_TRANSIT_TO,4,30.38748,-97.72748,9.83,199
5061,2024-11-01 16:31:01-05,2024-11-01,803,2811880_13111,4756,IN_TRANSIT_TO,4,30.386818,-97.72763,5.68,129.2
5061,2024-11-01 16:31:11-05,2024-11-01,803,2811880_13111,4756,IN_TRANSIT_TO,4,30.38654,-97.72676,10.28,110
5061,2024-11-01 16:31:26-05,2024-11-01,803,2811880_13111,4756,IN_TRANSIT_TO,4,30.386044,-97.725174,10.64,113
5061,2024-11-01 16:31:41-05,2024-11-01,803,2811880_13111,4756,IN_TRANSIT_TO,4,30.3856,-97.7238,1.79,114
5061,2024-11-01 16:31:56-05,2024-11-01,803,2811880_13111,4756,IN_TRANSIT_TO,4,30.38527,-97.72375,8.05,194
5061,2024-11-01 16:32:11-05,2024-11-01,803,2811880_13111,4756,STOPPED_AT,4,30.383715,-97.72412,6.75,192.5
5061,2024-11-01 16:32:26-05,2024-11-01,803,2811880_13111,4756,STOPPED_AT,4,30.38362,-97.72415,1.34,
5061,2024-11-01 16:32:46-05,2024-11-01,803,2811880_13111,4573,IN_TRANSIT_TO,5,30.381765,-97.72455,13.9,190.9
5061,2024-11-01 16:33:01-05,2024-11-01,803,2811880_13111,4573,IN_TRANSIT_TO,5,30.37981,-97.72499,15.65,192
5061,2024-11-01 16:33:11-05,2024-11-01,803,2811880_13111,4573,IN_TRANSIT_TO,5,30.37857,-97.72529,12.07,192
5061,2024-11-01 16:33:26-05,2024-11-01,803,2811880_13111,4573,IN_TRANSIT_TO,5,30.377018,-97.725655,12.74,191.2
5061,2024-11-01 16:33:36-05,2024-11-01,803,2811880_13111,4573,IN_TRANSIT_TO,5,30.37601,-97.72588,10.28,192
5061,2024-11-01 16:34:01-05,2024-11-01,803,2811880_13111,4573,IN_TRANSIT_TO,5,30.37409,-97.72636,0.89,
5061,2024-11-01 16:34:11-05,2024-11-01,803,2811880_13111,4573,IN_TRANSIT_TO,5,30.37409,-97.726364,0,
5061,2024-11-01 16:34:26-05,2024-11-01,803,2811880_13111,4573,IN_TRANSIT_TO,5,30.37409,-97.72637,0,
5061,2024-11-01 16:34:46-05,2024-11-01,803,2811880_13111,4573,IN_TRANSIT_TO,5,30.37385,-97.726425,7.64,192.2
5061,2024-11-01 16:34:56-05,2024-11-01,803,2811880_13111,4573,IN_TRANSIT_TO,5,30.372896,-97.72665,11.85,191.5
5061,2024-11-01 16:35:11-05,2024-11-01,803,2811880_13111,4573,STOPPED_AT,5,30.371525,-97.726906,7.47,189.7
5061,2024-11-01 16:35:26-05,2024-11-01,803,2811880_13111,4573,STOPPED_AT,5,30.371244,-97.72698,0,
5061,2024-11-01 16:35:41-05,2024-11-01,803,2811880_13111,4574,IN_TRANSIT_TO,6,30.3706,-97.72712,11.85,192.8
5061,2024-11-01 16:35:56-05,2024-11-01,803,2811880_13111,4574,IN_TRANSIT_TO,6,30.36875,-97.727615,14.89,192.6
5061,2024-11-01 16:36:11-05,2024-11-01,803,2811880_13111,4574,IN_TRANSIT_TO,6,30.366922,-97.728096,13.01,193.1
5061,2024-11-01 16:36:26-05,2024-11-01,803,2811880_13111,4574,IN_TRANSIT_TO,6,30.36499,-97.7286,15.07,192.9
5061,2024-11-01 16:36:46-05,2024-11-01,803,2811880_13111,4574,STOPPED_AT,6,30.363855,-97.7289,0,
5061,2024-11-01 16:36:56-05,2024-11-01,803,2811880_13111,4574,STOPPED_AT,6,30.363703,-97.728935,6.39,193.6
5061,2024-11-01 16:37:11-05,2024-11-01,803,2811880_13111,4574,STOPPED_AT,6,30.36346,-97.72901,0,
5061,2024-11-01 16:37:26-05,2024-11-01,803,2811880_13111,5849,IN_TRANSIT_TO,7,30.36288,-97.72914,11.62,193
5061,2024-11-01 16:37:41-05,2024-11-01,803,2811880_13111,5849,IN_TRANSIT_TO,7,30.361076,-97.729614,14.71,192.6
5061,2024-11-01 16:38:01-05,2024-11-01,803,2811880_13111,5849,IN_TRANSIT_TO,7,30.35842,-97.73031,14.31,192
5061,2024-11-01 16:38:11-05,2024-11-01,803,2811880_13111,5849,IN_TRANSIT_TO,7,30.357265,-97.730606,11.67,192.8
5061,2024-11-01 16:38:31-05,2024-11-01,803,2811880_13111,5849,IN_TRANSIT_TO,7,30.35666,-97.730774,0,
5061,2024-11-01 16:38:41-05,2024-11-01,803,2811880_13111,5849,IN_TRANSIT_TO,7,30.356518,-97.73082,6.08,198.3
5061,2024-11-01 16:39:01-05,2024-11-01,803,2811880_13111,5849,IN_TRANSIT_TO,7,30.35484,-97.731674,10.77,208.5
5061,2024-11-01 16:39:11-05,2024-11-01,803,2811880_13111,5849,STOPPED_AT,7,30.35419,-97.73209,1.79,207
5061,2024-11-01 16:39:26-05,2024-11-01,803,2811880_13111,5849,STOPPED_AT,7,30.354181,-97.73209,0.58,
5061,2024-11-01 16:39:41-05,2024-11-01,803,2811880_13111,5744,IN_TRANSIT_TO,8,30.35314,-97.73273,14.31,209
5061,2024-11-01 16:40:01-05,2024-11-01,803,2811880_13111,5744,IN_TRANSIT_TO,8,30.35112,-97.73399,7.51,208.5
5061,2024-11-01 16:40:11-05,2024-11-01,803,2811880_13111,5744,IN_TRANSIT_TO,8,30.35095,-97.7341,0.45,
5061,2024-11-01 16:40:26-05,2024-11-01,803,2811880_13111,5744,IN_TRANSIT_TO,8,30.35047,-97.734406,10.51,208.3
5061,2024-11-01 16:40:41-05,2024-11-01,803,2811880_13111,5744,IN_TRANSIT_TO,8,30.34892,-97.73538,10.73,208
5061,2024-11-01 16:41:01-05,2024-11-01,803,2811880_13111,5744,IN_TRANSIT_TO,8,30.34713,-97.7365,15.65,208
5061,2024-11-01 16:41:11-05,2024-11-01,803,2811880_13111,5744,STOPPED_AT,8,30.34596,-97.73724,11.58,209.1
5061,2024-11-01 16:41:26-05,2024-11-01,803,2811880_13111,5744,STOPPED_AT,8,30.3456,-97.73747,0,
5061,2024-11-01 16:41:36-05,2024-11-01,803,2811880_13111,5744,STOPPED_AT,8,30.3456,-97.73747,0,
5061,2024-11-01 16:42:01-05,2024-11-01,803,2811880_13111,4204,IN_TRANSIT_TO,9,30.344522,-97.7381,14.35,202.5
5061,2024-11-01 16:42:11-05,2024-11-01,803,2811880_13111,4204,IN_TRANSIT_TO,9,30.343166,-97.738556,16.85,189.7
5061,2024-11-01 16:42:26-05,2024-11-01,803,2811880_13111,4204,IN_TRANSIT_TO,9,30.340786,-97.738914,17.84,187.9
5061,2024-11-01 16:42:41-05,2024-11-01,803,2811880_13111,4204,IN_TRANSIT_TO,9,30.338451,-97.73929,16.18,188.6
5061,2024-11-01 16:43:01-05,2024-11-01,803,2811880_13111,4204,IN_TRANSIT_TO,9,30.33578,-97.73973,10.73,188
5061,2024-11-01 16:43:16-05,2024-11-01,803,2811880_13111,4204,IN_TRANSIT_TO,9,30.335163,-97.73982,0.04,
5061,2024-11-01 16:43:26-05,2024-11-01,803,2811880_13111,4204,IN_TRANSIT_TO,9,30.33516,-97.73982,0.89,
5061,2024-11-01 16:43:41-05,2024-11-01,803,2811880_13111,4204,IN_TRANSIT_TO,9,30.33421,-97.73998,10.15,188.1
5061,2024-11-01 16:43:56-05,2024-11-01,803,2811880_13111,4204,STOPPED_AT,9,30.333735,-97.74004,0,
5061,2024-11-01 16:44:16-05,2024-11-01,803,2811880_13111,4204,STOPPED_AT,9,30.33374,-97.74004,0,
5061,2024-11-01 16:44:26-05,2024-11-01,803,2811880_13111,4204,STOPPED_AT,9,30.33374,-97.74004,0,
5061,2024-11-01 16:44:41-05,2024-11-01,803,2811880_13111,4204,STOPPED_AT,9,30.333735,-97.74004,0.04,
5061,2024-11-01 16:45:01-05,2024-11-01,803,2811880_13111,4204,STOPPED_AT,9,30.33349,-97.74006,7.6,184
5061,2024-11-01 16:45:16-05,2024-11-01,803,2811880_13111,684,IN_TRANSIT_TO,10,30.332327,-97.74013,9.7,179.1
5061,2024-11-01 16:45:26-05,2024-11-01,803,2811880_13111,684,IN_TRANSIT_TO,10,30.331324,-97.74006,12.2,176
5061,2024-11-01 16:45:41-05,2024-11-01,803,2811880_13111,684,IN_TRANSIT_TO,10,30.329617,-97.73994,12.87,176.5
5061,2024-11-01 16:46:06-05,2024-11-01,803,2811880_13111,684,IN_TRANSIT_TO,10,30.32677,-97.73977,11.94,177.9
5061,2024-11-01 16:46:11-05,2024-11-01,803,2811880_13111,684,IN_TRANSIT_TO,10,30.32631,-97.73974,7.15,177
5061,2024-11-01 16:46:26-05,2024-11-01,803,2811880_13111,684,IN_TRANSIT_TO,10,30.326126,-97.73973,0.04,
5061,2024-11-01 16:46:46-05,2024-11-01,803,2811880_13111,684,IN_TRANSIT_TO,10,30.326126,-97.73973,0,
5061,2024-11-01 16:46:56-05,2024-11-01,803,2811880_13111,684,IN_TRANSIT_TO,10,30.326126,-97.73973,0,
5061,2024-11-01 16:47:11-05,2024-11-01,803,2811880_13111,684,STOPPED_AT,10,30.325377,-97.73967,9.7,176.2
5061,2024-11-01 16:47:26-05,2024-11-01,803,2811880_13111,684,STOPPED_AT,10,30.325005,-97.73963,0,
5061,2024-11-01 16:47:41-05,2024-11-01,803,2811880_13111,684,STOPPED_AT,10,30.324818,-97.73961,7.29,173.7
5061,2024-11-01 16:47:56-05,2024-11-01,803,2811880_13111,5877,IN_TRANSIT_TO,11,30.323385,-97.73945,11.4,176.4
5061,2024-11-01 16:48:11-05,2024-11-01,803,2811880_13111,5877,IN_TRANSIT_TO,11,30.322176,-97.73936,10.24,176.3
5061,2024-11-01 16:48:26-05,2024-11-01,803,2811880_13111,5877,IN_TRANSIT_TO,11,30.320585,-97.73924,11.98,176.2
5061,2024-11-01 16:48:41-05,2024-11-01,803,2811880_13111,5877,IN_TRANSIT_TO,11,30.31974,-97.73886,7.15,101
5061,2024-11-01 16:49:01-05,2024-11-01,803,2811880_13111,5877,IN_TRANSIT_TO,11,30.31894,-97.73712,7.6,119
5061,2024-11-01 16:49:11-05,2024-11-01,803,2811880_13111,5877,IN_TRANSIT_TO,11,30.318811,-97.736855,5.45,119.9
5061,2024-11-01 16:49:26-05,2024-11-01,803,2811880_13111,5877,IN_TRANSIT_TO,11,30.318136,-97.73544,11.18,118.9
5061,2024-11-01 16:49:41-05,2024-11-01,803,2811880_13111,5877,IN_TRANSIT_TO,11,30.3177,-97.735,6.71,205
5061,2024-11-01 16:49:56-05,2024-11-01,803,2811880_13111,5877,IN_TRANSIT_TO,11,30.316324,-97.735886,13.77,209.7
5061,2024-11-01 16:50:16-05,2024-11-01,803,2811880_13111,4831,IN_TRANSIT_TO,12,30.31494,-97.73666,3.58,167
5061,2024-11-01 16:50:26-05,2024-11-01,803,2811880_13111,4831,IN_TRANSIT_TO,12,30.314316,-97.73702,11.67,210.8
5061,2024-11-01 16:50:41-05,2024-11-01,803,2811880_13111,4831,IN_TRANSIT_TO,12,30.313602,-97.73751,0.04,
5061,2024-11-01 16:50:56-05,2024-11-01,803,2811880_13111,4831,IN_TRANSIT_TO,12,30.313602,-97.73751,0,
5061,2024-11-01 16:51:11-05,2024-11-01,803,2811880_13111,4831,IN_TRANSIT_TO,12,30.3136,-97.73751,0,
5061,2024-11-01 16:51:26-05,2024-11-01,803,2811880_13111,4831,IN_TRANSIT_TO,12,30.313604,-97.73751,0,
5061,2024-11-01 16:51:41-05,2024-11-01,803,2811880_13111,4831,IN_TRANSIT_TO,12,30.313604,-97.73751,0.04,
5061,2024-11-01 16:52:01-05,2024-11-01,803,2811880_13111,4831,IN_TRANSIT_TO,12,30.31209,-97.73857,14.8,211.3
5061,2024-11-01 16:52:11-05,2024-11-01,803,2811880_13111,4831,IN_TRANSIT_TO,12,30.310902,-97.7394,15.65,211.8
5061,2024-11-01 16:52:31-05,2024-11-01,803,2811880_13111,4831,IN_TRANSIT_TO,12,30.308458,-97.74105,11.98,210.1
5061,2024-11-01 16:52:41-05,2024-11-01,803,2811880_13111,4831,STOPPED_AT,12,30.30806,-97.741325,0.09,
5061,2024-11-01 16:53:01-05,2024-11-01,803,2811880_13111,4831,STOPPED_AT,12,30.307663,-97.74157,9.83,209.2
5061,2024-11-01 16:53:11-05,2024-11-01,803,2811880_13111,5349,IN_TRANSIT_TO,13,30.30673,-97.74208,11.62,207
5061,2024-11-01 16:53:26-05,2024-11-01,803,2811880_13111,5349,IN_TRANSIT_TO,13,30.30546,-97.74292,6.71,209
5061,2024-11-01 16:53:36-05,2024-11-01,803,2811880_13111,5349,IN_TRANSIT_TO,13,30.30534,-97.74299,0,
5061,2024-11-01 16:54:01-05,2024-11-01,803,2811880_13111,5349,IN_TRANSIT_TO,13,30.30534,-97.74299,0,
5061,2024-11-01 16:54:11-05,2024-11-01,803,2811880_13111,5349,IN_TRANSIT_TO,13,30.30534,-97.743,0,
5061,2024-11-01 16:54:26-05,2024-11-01,803,2811880_13111,5349,IN_TRANSIT_TO,13,30.304922,-97.7427,10.28,118.8
5061,2024-11-01 16:54:46-05,2024-11-01,803,2811880_13111,5349,STOPPED_AT,13,30.304426,-97.74161,0.04,
5061,2024-11-01 16:55:01-05,2024-11-01,803,2811880_13111,5349,STOPPED_AT,13,30.30431,-97.74132,8.05,118
5061,2024-11-01 16:55:11-05,2024-11-01,803,2811880_13111,5357,IN_TRANSIT_TO,14,30.30387,-97.74034,11.62,119
5061,2024-11-01 16:55:26-05,2024-11-01,803,2811880_13111,5357,IN_TRANSIT_TO,14,30.303118,-97.73881,11.58,127.6
5061,2024-11-01 16:55:41-05,2024-11-01,803,2811880_13111,5357,IN_TRANSIT_TO,14,30.30229,-97.73848,10.28,209
5061,2024-11-01 16:55:56-05,2024-11-01,803,2811880_13111,5357,IN_TRANSIT_TO,14,30.30076,-97.73945,12.96,210
5061,2024-11-01 16:56:11-05,2024-11-01,803,2811880_13111,5357,IN_TRANSIT_TO,14,30.299267,-97.740395,13.1,208.4
5061,2024-11-01 16:56:31-05,2024-11-01,803,2811880_13111,5863,IN_TRANSIT_TO,15,30.29752,-97.7415,11.18,209
5061,2024-11-01 16:56:46-05,2024-11-01,803,2811880_13111,5863,IN_TRANSIT_TO,15,30.296911,-97.74189,0.04,
5061,2024-11-01 16:57:01-05,2024-11-01,803,2811880_13111,5863,IN_TRANSIT_TO,15,30.296911,-97.74189,0,
5061,2024-11-01 16:57:11-05,2024-11-01,803,2811880_13111,5863,IN_TRANSIT_TO,15,30.29691,-97.74189,0.45,
5061,2024-11-01 16:57:31-05,2024-11-01,803,2811880_13111,5863,IN_TRANSIT_TO,15,30.296385,-97.74222,2.41,209.4
5061,2024-11-01 16:57:46-05,2024-11-01,803,2811880_13111,5863,IN_TRANSIT_TO,15,30.2958,-97.74258,6.26,210
5061,2024-11-01 16:57:56-05,2024-11-01,803,2811880_13111,5863,IN_TRANSIT_TO,15,30.295229,-97.74283,6.53,167.8
5061,2024-11-01 16:58:11-05,2024-11-01,803,2811880_13111,5863,IN_TRANSIT_TO,15,30.294172,-97.742256,10.15,155.4
5061,2024-11-01 16:58:31-05,2024-11-01,803,2811880_13111,5863,IN_TRANSIT_TO,15,30.29255,-97.74142,6.71,156
5061,2024-11-01 16:58:41-05,2024-11-01,803,2811880_13111,5863,IN_TRANSIT_TO,15,30.29204,-97.74123,6.71,178
5061,2024-11-01 16:58:56-05,2024-11-01,803,2811880_13111,5863,STOPPED_AT,15,30.291079,-97.741325,4.29,185.8
5061,2024-11-01 16:59:11-05,2024-11-01,803,2811880_13111,5863,STOPPED_AT,15,30.291037,-97.74133,0,
5061,2024-11-01 16:59:26-05,2024-11-01,803,2811880_13111,5863,STOPPED_AT,15,30.29097,-97.74135,1.34,
5061,2024-11-01 16:59:41-05,2024-11-01,803,2811880_13111,497,IN_TRANSIT_TO,16,30.29059,-97.74138,1.79,185
5061,2024-11-01 16:59:56-05,2024-11-01,803,2811880_13111,497,IN_TRANSIT_TO,16,30.29056,-97.74138,0,
5061,2024-11-01 17:00:11-05,2024-11-01,803,2811880_13111,497,IN_TRANSIT_TO,16,30.29056,-97.74138,0,
5061,2024-11-01 17:00:31-05,2024-11-01,803,2811880_13111,497,IN_TRANSIT_TO,16,30.290052,-97.741425,6.26,185.8
5061,2024-11-01 17:00:46-05,2024-11-01,803,2811880_13111,497,IN_TRANSIT_TO,16,30.28942,-97.74147,1.34,
5061,2024-11-01 17:01:01-05,2024-11-01,803,2811880_13111,497,IN_TRANSIT_TO,16,30.289154,-97.74147,0.63,
5061,2024-11-01 17:01:11-05,2024-11-01,803,2811880_13111,497,IN_TRANSIT_TO,16,30.289026,-97.741455,3.04,188.4
5061,2024-11-01 17:01:26-05,2024-11-01,803,2811880_13111,497,IN_TRANSIT_TO,16,30.288809,-97.741455,7.42,184.6
5061,2024-11-01 17:01:46-05,2024-11-01,803,2811880_13111,497,IN_TRANSIT_TO,16,30.28786,-97.7416,0,
5061,2024-11-01 17:02:06-05,2024-11-01,803,2811880_13111,497,IN_TRANSIT_TO,16,30.287855,-97.7416,0,
5061,2024-11-01 17:02:16-05,2024-11-01,803,2811880_13111,497,IN_TRANSIT_TO,16,30.287855,-97.7416,0,
5061,2024-11-01 17:02:46-05,2024-11-01,803,2811880_13111,497,IN_TRANSIT_TO,16,30.28784,-97.741615,2.1,182.1
5061,2024-11-01 17:03:01-05,2024-11-01,803,2811880_13111,497,IN_TRANSIT_TO,16,30.286608,-97.74169,10.86,185.3
5061,2024-11-01 17:03:16-05,2024-11-01,803,2811880_13111,497,STOPPED_AT,16,30.28616,-97.74173,0,
5061,2024-11-01 17:03:31-05,2024-11-01,803,2811880_13111,497,STOPPED_AT,16,30.286163,-97.74173,0,
5061,2024-11-01 17:03:41-05,2024-11-01,803,2811880_13111,497,STOPPED_AT,16,30.28598,-97.74175,6.71,185
5061,2024-11-01 17:04:01-05,2024-11-01,803,2811880_13111,5866,IN_TRANSIT_TO,17,30.285212,-97.74183,0,
5061,2024-11-01 17:04:16-05,2024-11-01,803,2811880_13111,5866,IN_TRANSIT_TO,17,30.285212,-97.74183,0,
5061,2024-11-01 17:04:31-05,2024-11-01,803,2811880_13111,5866,IN_TRANSIT_TO,17,30.285196,-97.74183,2.1,186.8
5061,2024-11-01 17:04:41-05,2024-11-01,803,2811880_13111,5866,IN_TRANSIT_TO,17,30.28462,-97.74189,7.6,184
5061,2024-11-01 17:05:01-05,2024-11-01,803,2811880_13111,5866,IN_TRANSIT_TO,17,30.28289,-97.74204,12.07,185
5061,2024-11-01 17:05:11-05,2024-11-01,803,2811880_13111,5866,IN_TRANSIT_TO,17,30.28203,-97.74212,4.47,172
5061,2024-11-01 17:05:26-05,2024-11-01,803,2811880_13111,5866,IN_TRANSIT_TO,17,30.28197,-97.74208,0,
5061,2024-11-01 17:05:36-05,2024-11-01,803,2811880_13111,5866,IN_TRANSIT_TO,17,30.28197,-97.74208,0.04,
5061,2024-11-01 17:05:56-05,2024-11-01,803,2811880_13111,5866,IN_TRANSIT_TO,17,30.28137,-97.74177,8.94,173
5061,2024-11-01 17:06:16-05,2024-11-01,803,2811880_13111,5866,IN_TRANSIT_TO,17,30.28004,-97.74225,0.89,
5061,2024-11-01 17:06:26-05,2024-11-01,803,2811880_13111,5866,STOPPED_AT,17,30.27956,-97.74247,6.44,206.3
5061,2024-11-01 17:06:46-05,2024-11-01,803,2811880_13111,5866,STOPPED_AT,17,30.27943,-97.74251,0,
5061,2024-11-01 17:06:56-05,2024-11-01,803,2811880_13111,5866,STOPPED_AT,17,30.279428,-97.742516,1.56,198.5
5061,2024-11-01 17:07:16-05,2024-11-01,803,2811880_13111,2738,IN_TRANSIT_TO,18,30.27843,-97.74283,0.98,
5061,2024-11-01 17:07:31-05,2024-11-01,803,2811880_13111,2738,IN_TRANSIT_TO,18,30.27842,-97.74282,0,
5061,2024-11-01 17:07:41-05,2024-11-01,803,2811880_13111,2738,IN_TRANSIT_TO,18,30.278425,-97.74282,0,
5061,2024-11-01 17:07:56-05,2024-11-01,803,2811880_13111,2738,IN_TRANSIT_TO,18,30.277948,-97.74298,9.16,199
5061,2024-11-01 17:08:16-05,2024-11-01,803,2811880_13111,2738,IN_TRANSIT_TO,18,30.276218,-97.743614,10.82,200.7
5061,2024-11-01 17:08:26-05,2024-11-01,803,2811880_13111,2738,STOPPED_AT,18,30.275333,-97.74396,8.09,197.8
5061,2024-11-01 17:08:41-05,2024-11-01,803,2811880_13111,2738,STOPPED_AT,18,30.275017,-97.744064,0.04,
5061,2024-11-01 17:09:01-05,2024-11-01,803,2811880_13111,2611,IN_TRANSIT_TO,19,30.27433,-97.74431,9.83,198
5061,2024-11-01 17:09:11-05,2024-11-01,803,2811880_13111,2611,IN_TRANSIT_TO,19,30.27341,-97.74465,11.18,198
5061,2024-11-01 17:09:26-05,2024-11-01,803,2811880_13111,2611,IN_TRANSIT_TO,19,30.27188,-97.74523,11.62,198
5061,2024-11-01 17:09:41-05,2024-11-01,803,2811880_13111,5867,IN_TRANSIT_TO,20,30.27058,-97.74572,10.73,198
5061,2024-11-01 17:09:51-05,2024-11-01,803,2811880_13111,5867,IN_TRANSIT_TO,20,30.269812,-97.74601,8.23,199.9
5061,2024-11-01 17:10:11-05,2024-11-01,803,2811880_13111,5867,IN_TRANSIT_TO,20,30.26833,-97.74656,8.27,197.2
5061,2024-11-01 17:10:26-05,2024-11-01,803,2811880_13111,5867,STOPPED_AT,20,30.267668,-97.74678,0.04,
5061,2024-11-01 17:10:46-05,2024-11-01,803,2811880_13111,5867,STOPPED_AT,20,30.267668,-97.74678,0.09,
5061,2024-11-01 17:10:56-05,2024-11-01,803,2811880_13111,5867,STOPPED_AT,20,30.267538,-97.74677,4.87,190.7
5061,2024-11-01 17:11:11-05,2024-11-01,803,2811880_13111,5867,STOPPED_AT,20,30.26735,-97.74679,0,
5061,2024-11-01 17:11:26-05,2024-11-01,803,2811880_13111,716,IN_TRANSIT_TO,21,30.266884,-97.74697,8.54,197.5
5061,2024-11-01 17:11:36-05,2024-11-01,803,2811880_13111,716,IN_TRANSIT_TO,21,30.266434,-97.747246,0.22,
5061,2024-11-01 17:11:56-05,2024-11-01,803,2811880_13111,716,IN_TRANSIT_TO,21,30.265682,-97.74744,1.03,
5061,2024-11-01 17:12:11-05,2024-11-01,803,2811880_13111,716,IN_TRANSIT_TO,21,30.265085,-97.747696,7.91,197.7
5061,2024-11-01 17:12:26-05,2024-11-01,803,2811880_13111,716,IN_TRANSIT_TO,21,30.26441,-97.74817,4.92,289
5061,2024-11-01 17:12:41-05,2024-11-01,803,2811880_13111,716,IN_TRANSIT_TO,21,30.264782,-97.74935,9.3,287.6
5061,2024-11-01 17:13:06-05,2024-11-01,803,2811880_13111,716,IN_TRANSIT_TO,21,30.265472,-97.7517,1.7,288.9
5061,2024-11-01 17:13:11-05,2024-11-01,803,2811880_13111,716,IN_TRANSIT_TO,21,30.265478,-97.75171,0.31,
5061,2024-11-01 17:13:26-05,2024-11-01,803,2811880_13111,716,IN_TRANSIT_TO,21,30.265478,-97.75171,0.72,
5061,2024-11-01 17:13:41-05,2024-11-01,803,2811880_13111,716,STOPPED_AT,21,30.265724,-97.75247,6.93,292
5061,2024-11-01 17:14:01-05,2024-11-01,803,2811880_13111,716,STOPPED_AT,21,30.265764,-97.75261,0.04,
5061,2024-11-01 17:14:11-05,2024-11-01,803,2811880_13111,716,STOPPED_AT,21,30.26576,-97.75261,0,
5061,2024-11-01 17:14:26-05,2024-11-01,803,2811880_13111,4070,IN_TRANSIT_TO,22,30.265877,-97.7531,9.57,289.2
5061,2024-11-01 17:14:46-05,2024-11-01,803,2811880_13111,4070,IN_TRANSIT_TO,22,30.26639,-97.75518,10.73,278
5061,2024-11-01 17:14:56-05,2024-11-01,803,2811880_13111,4070,IN_TRANSIT_TO,22,30.26658,-97.7564,12.07,292
5061,2024-11-01 17:15:11-05,2024-11-01,803,2811880_13111,4070,IN_TRANSIT_TO,22,30.26733,-97.75672,8.94,43
5061,2024-11-01 17:15:31-05,2024-11-01,803,2811880_13111,4070,IN_TRANSIT_TO,22,30.26777,-97.75628,0,
5061,2024-11-01 17:15:41-05,2024-11-01,803,2811880_13111,4070,IN_TRANSIT_TO,22,30.26777,-97.75628,0,
5061,2024-11-01 17:15:56-05,2024-11-01,803,2811880_13111,4070,IN_TRANSIT_TO,22,30.26777,-97.75628,1.34,
5061,2024-11-01 17:16:11-05,2024-11-01,803,2811880_13111,4070,IN_TRANSIT_TO,22,30.267899,-97.75595,0.04,
5061,2024-11-01 17:16:31-05,2024-11-01,803,2811880_13111,4070,IN_TRANSIT_TO,22,30.26787,-97.7559,0,
5061,2024-11-01 17:16:41-05,2024-11-01,803,2811880_13111,4070,IN_TRANSIT_TO,22,30.26785,-97.75588,1.34,
5061,2024-11-01 17:16:56-05,2024-11-01,803,2811880_13111,4070,IN_TRANSIT_TO,22,30.26784,-97.75587,0,
5061,2024-11-01 17:17:11-05,2024-11-01,803,2811880_13111,4070,IN_TRANSIT_TO,22,30.267843,-97.75587,0,
5061,2024-11-01 17:17:26-05,2024-11-01,803,2811880_13111,4070,IN_TRANSIT_TO,22,30.267841,-97.75586,0,
5061,2024-11-01 17:17:41-05,2024-11-01,803,2811880_13111,4070,IN_TRANSIT_TO,22,30.267841,-97.75586,0,
5061,2024-11-01 17:18:01-05,2024-11-01,803,2811880_13111,4070,IN_TRANSIT_TO,22,30.267841,-97.75586,0,
5061,2024-11-01 17:18:11-05,2024-11-01,803,2811880_13111,4070,IN_TRANSIT_TO,22,30.26784,-97.75586,0,
5061,2024-11-01 17:18:26-05,2024-11-01,803,2811880_13111,4070,IN_TRANSIT_TO,22,30.26718,-97.75602,10.28,200
5061,2024-11-01 17:18:41-05,2024-11-01,803,2811880_13111,4070,IN_TRANSIT_TO,22,30.266716,-97.756226,0.13,
5061,2024-11-01 17:18:56-05,2024-11-01,803,2811880_13111,4070,IN_TRANSIT_TO,22,30.26668,-97.75623,0,
5061,2024-11-01 17:19:11-05,2024-11-01,803,2811880_13111,4070,IN_TRANSIT_TO,22,30.266634,-97.75625,3.76,201.1
5061,2024-11-01 17:19:31-05,2024-11-01,803,2811880_13111,4070,IN_TRANSIT_TO,22,30.26554,-97.7567,9.66,199.8
5061,2024-11-01 17:19:41-05,2024-11-01,803,2811880_13111,4070,IN_TRANSIT_TO,22,30.264652,-97.75708,11.13,203.6
5061,2024-11-01 17:20:01-05,2024-11-01,803,2811880_13111,4070,IN_TRANSIT_TO,22,30.26312,-97.75778,0,
5061,2024-11-01 17:20:11-05,2024-11-01,803,2811880_13111,4070,IN_TRANSIT_TO,22,30.263124,-97.75778,0,
5061,2024-11-01 17:20:26-05,2024-11-01,803,2811880_13111,4070,IN_TRANSIT_TO,22,30.263124,-97.75778,0.04,
5061,2024-11-01 17:20:41-05,2024-11-01,803,2811880_13111,4070,IN_TRANSIT_TO,22,30.26313,-97.75779,0,
5061,2024-11-01 17:21:01-05,2024-11-01,803,2811880_13111,4070,IN_TRANSIT_TO,22,30.26299,-97.75783,6.71,199
5061,2024-11-01 17:21:11-05,2024-11-01,803,2811880_13111,4070,IN_TRANSIT_TO,22,30.262112,-97.75814,10.15,197.7
5061,2024-11-01 17:21:26-05,2024-11-01,803,2811880_13111,4070,IN_TRANSIT_TO,22,30.2614,-97.75839,7.6,198
5061,2024-11-01 17:21:41-05,2024-11-01,803,2811880_13111,4070,STOPPED_AT,22,30.260195,-97.75884,8.63,199.3
5061,2024-11-01 17:21:56-05,2024-11-01,803,2811880_13111,4070,STOPPED_AT,22,30.260012,-97.75892,0,
5061,2024-11-01 17:22:11-05,2024-11-01,803,2811880_13111,4070,STOPPED_AT,22,30.260012,-97.75892,0,
5061,2024-11-01 17:22:31-05,2024-11-01,803,2811880_13111,4070,STOPPED_AT,22,30.25967,-97.75899,8.94,189
5061,2024-11-01 17:22:41-05,2024-11-01,803,2811880_13111,2324,IN_TRANSIT_TO,23,30.258661,-97.75922,13.1,201
5061,2024-11-01 17:22:56-05,2024-11-01,803,2811880_13111,2324,IN_TRANSIT_TO,23,30.257324,-97.760506,13.23,225.1
5061,2024-11-01 17:23:16-05,2024-11-01,803,2811880_13111,2324,IN_TRANSIT_TO,23,30.256256,-97.76139,0.04,
5061,2024-11-01 17:23:26-05,2024-11-01,803,2811880_13111,2324,IN_TRANSIT_TO,23,30.256197,-97.76143,4.38,207.4
5061,2024-11-01 17:23:41-05,2024-11-01,803,2811880_13111,2324,IN_TRANSIT_TO,23,30.255161,-97.76208,10.01,206.8
5061,2024-11-01 17:23:56-05,2024-11-01,803,2811880_13111,2324,STOPPED_AT,23,30.25459,-97.762436,0.04,
5061,2024-11-01 17:24:16-05,2024-11-01,803,2811880_13111,2324,STOPPED_AT,23,30.25459,-97.762436,0,
5061,2024-11-01 17:24:26-05,2024-11-01,803,2811880_13111,2324,STOPPED_AT,23,30.25459,-97.762436,0,
5061,2024-11-01 17:24:41-05,2024-11-01,803,2811880_13111,2324,STOPPED_AT,23,30.25459,-97.76243,0,
5061,2024-11-01 17:25:01-05,2024-11-01,803,2811880_13111,2324,STOPPED_AT,23,30.25456,-97.76246,3.58,207
5061,2024-11-01 17:25:16-05,2024-11-01,803,2811880_13111,2328,IN_TRANSIT_TO,24,30.25333,-97.76321,12.96,213
5061,2024-11-01 17:25:31-05,2024-11-01,803,2811880_13111,2328,IN_TRANSIT_TO,24,30.25189,-97.76455,13.86,223
5061,2024-11-01 17:25:41-05,2024-11-01,803,2811880_13111,2328,IN_TRANSIT_TO,24,30.250908,-97.765495,13.95,220.9
5061,2024-11-01 17:25:51-05,2024-11-01,803,2811880_13111,2328,IN_TRANSIT_TO,24,30.25003,-97.76652,13.41,231
5061,2024-11-01 17:26:16-05,2024-11-01,803,2811880_13111,2328,IN_TRANSIT_TO,24,30.24879,-97.76895,13.41,249
5061,2024-11-01 17:26:26-05,2024-11-01,803,2811880_13111,2328,IN_TRANSIT_TO,24,30.248363,-97.77034,14.66,251.3
5061,2024-11-01 17:26:41-05,2024-11-01,803,2811880_13111,2328,STOPPED_AT,24,30.24799,-97.77175,0,
5061,2024-11-01 17:27:01-05,2024-11-01,803,2811880_13111,2328,STOPPED_AT,24,30.247894,-97.77205,7.96,250.2
5061,2024-11-01 17:27:21-05,2024-11-01,803,2811880_13111,5879,IN_TRANSIT_TO,25,30.247438,-97.77436,11.27,260.9
5061,2024-11-01 17:27:51-05,2024-11-01,803,2811880_13111,5879,IN_TRANSIT_TO,25,30.247059,-97.77686,0.04,
5061,2024-11-01 17:28:06-05,2024-11-01,803,2811880_13111,5879,IN_TRANSIT_TO,25,30.24706,-97.77686,0,
5061,2024-11-01 17:28:16-05,2024-11-01,803,2811880_13111,5879,IN_TRANSIT_TO,25,30.24706,-97.77686,0,
5061,2024-11-01 17:28:36-05,2024-11-01,803,2811880_13111,5879,IN_TRANSIT_TO,25,30.24693,-97.77729,8.94,249
5061,2024-11-01 17:28:41-05,2024-11-01,803,2811880_13111,5879,STOPPED_AT,25,30.246782,-97.777725,6.48,247.3
5061,2024-11-01 17:28:56-05,2024-11-01,803,2811880_13111,5879,STOPPED_AT,25,30.24674,-97.77783,0,
5061,2024-11-01 17:29:16-05,2024-11-01,803,2811880_13111,5879,STOPPED_AT,25,30.246738,-97.77783,0,
5061,2024-11-01 17:29:31-05,2024-11-01,803,2811880_13111,5879,STOPPED_AT,25,30.246582,-97.77813,7.11,239.5
5061,2024-11-01 17:29:41-05,2024-11-01,803,2811880_13111,6358,IN_TRANSIT_TO,26,30.24611,-97.77892,11.62,233
5061,2024-11-01 17:29:56-05,2024-11-01,803,2811880_13111,6358,IN_TRANSIT_TO,26,30.245125,-97.78027,13.05,230
5061,2024-11-01 17:30:21-05,2024-11-01,803,2811880_13111,6358,IN_TRANSIT_TO,26,30.243162,-97.782974,14.98,230
5061,2024-11-01 17:30:31-05,2024-11-01,803,2811880_13111,6358,IN_TRANSIT_TO,26,30.242285,-97.78421,15.29,230.2
5061,2024-11-01 17:30:46-05,2024-11-01,803,2811880_13111,6358,STOPPED_AT,26,30.24109,-97.78588,11.18,231
5061,2024-11-01 17:30:56-05,2024-11-01,803,2811880_13111,6358,STOPPED_AT,26,30.24071,-97.78642,1.79,231
5061,2024-11-01 17:31:21-05,2024-11-01,803,2811880_13111,2334,IN_TRANSIT_TO,27,30.24058,-97.78659,6.71,231
5061,2024-11-01 17:31:31-05,2024-11-01,803,2811880_13111,2334,IN_TRANSIT_TO,27,30.240002,-97.78743,12.2,230.9
5061,2024-11-01 17:31:41-05,2024-11-01,803,2811880_13111,2334,IN_TRANSIT_TO,27,30.23925,-97.78853,13.86,231
5061,2024-11-01 17:31:56-05,2024-11-01,803,2811880_13111,2334,IN_TRANSIT_TO,27,30.238039,-97.79027,15.47,231.4
5061,2024-11-01 17:32:26-05,2024-11-01,803,2811880_13111,2334,STOPPED_AT,27,30.23653,-97.79246,0.04,
5061,2024-11-01 17:32:46-05,2024-11-01,803,2811880_13111,2334,STOPPED_AT,27,30.23653,-97.79246,0,
5061,2024-11-01 17:32:56-05,2024-11-01,803,2811880_13111,2334,STOPPED_AT,27,30.236473,-97.79254,4.92,228.4
5061,2024-11-01 17:33:16-05,2024-11-01,803,2811880_13111,6373,IN_TRANSIT_TO,28,30.23536,-97.79455,14.31,239
5061,2024-11-01 17:33:36-05,2024-11-01,803,2811880_13111,6373,IN_TRANSIT_TO,28,30.2348,-97.79558,0,
5061,2024-11-01 17:34:01-05,2024-11-01,803,2811880_13111,6373,IN_TRANSIT_TO,28,30.23389,-97.79693,5.36,149
5061,2024-11-01 17:34:16-05,2024-11-01,803,2811880_13111,6373,IN_TRANSIT_TO,28,30.23313,-97.79572,12.83,119.2
5061,2024-11-01 17:34:26-05,2024-11-01,803,2811880_13111,6373,IN_TRANSIT_TO,28,30.23259,-97.79459,12.96,119
5061,2024-11-01 17:34:46-05,2024-11-01,803,2811880_13111,6373,IN_TRANSIT_TO,28,30.23157,-97.79248,12.96,119
5061,2024-11-01 17:35:06-05,2024-11-01,803,2811880_13111,6373,IN_TRANSIT_TO,28,30.23048,-97.79011,11.62,118
5061,2024-11-01 17:35:11-05,2024-11-01,803,2811880_13111,6373,IN_TRANSIT_TO,28,30.230236,-97.78955,12.07,116.6
5061,2024-11-01 17:35:26-05,2024-11-01,803,2811880_13111,6373,IN_TRANSIT_TO,28,30.23008,-97.78843,8.05,31
5061,2024-11-01 17:35:46-05,2024-11-01,803,2811880_13111,6373,IN_TRANSIT_TO,28,30.231094,-97.789764,11.49,298.9
5061,2024-11-01 17:35:56-05,2024-11-01,803,2811880_13111,6373,IN_TRANSIT_TO,28,30.231527,-97.790695,7.55,298.6
5061,2024-11-01 17:36:11-05,2024-11-01,803,2811880_13111,6373,IN_TRANSIT_TO,28,30.23158,-97.79149,4.47,199
2513,2024-11-01 19:14:00-05,2024-11-01,801,2811287_12440,5873,STOPPED_AT,1,30.162989,-97.7906,0,
2513,2024-11-01 19:14:15-05,2024-11-01,801,2811287_12440,5873,STOPPED_AT,1,30.1631,-97.79086,4.92,294
2513,2024-11-01 19:14:25-05,2024-11-01,801,2811287_12440,6362,IN_TRANSIT_TO,2,30.16328,-97.7913,3.44,299.4
2513,2024-11-01 19:14:40-05,2024-11-01,801,2811287_12440,6362,IN_TRANSIT_TO,2,30.16343,-97.79153,4.02,337
2513,2024-11-01 19:15:00-05,2024-11-01,801,2811287_12440,6362,IN_TRANSIT_TO,2,30.16457,-97.79136,8.05,10
2513,2024-11-01 19:15:10-05,2024-11-01,801,2811287_12440,6362,IN_TRANSIT_TO,2,30.16529,-97.791214,8.05,9.2
2513,2024-11-01 19:15:25-05,2024-11-01,801,2811287_12440,6362,IN_TRANSIT_TO,2,30.166323,-97.791046,7.06,5.1
2513,2024-11-01 19:15:40-05,2024-11-01,801,2811287_12440,6362,IN_TRANSIT_TO,2,30.166918,-97.79098,0,
2513,2024-11-01 19:16:00-05,2024-11-01,801,2811287_12440,6362,IN_TRANSIT_TO,2,30.166918,-97.79098,0,
2513,2024-11-01 19:16:10-05,2024-11-01,801,2811287_12440,6362,IN_TRANSIT_TO,2,30.16692,-97.79097,0,
2513,2024-11-01 19:16:30-05,2024-11-01,801,2811287_12440,6362,IN_TRANSIT_TO,2,30.16692,-97.79098,0,
2513,2024-11-01 19:16:40-05,2024-11-01,801,2811287_12440,6362,IN_TRANSIT_TO,2,30.166922,-97.79098,0,
2513,2024-11-01 19:17:00-05,2024-11-01,801,2811287_12440,6362,IN_TRANSIT_TO,2,30.166924,-97.79098,0,
2513,2024-11-01 19:17:15-05,2024-11-01,801,2811287_12440,6362,IN_TRANSIT_TO,2,30.167187,-97.79073,4.83,84.5
2513,2024-11-01 19:17:25-05,2024-11-01,801,2811287_12440,6362,IN_TRANSIT_TO,2,30.167175,-97.79006,6.21,94.5
2513,2024-11-01 19:17:45-05,2024-11-01,801,2811287_12440,6362,IN_TRANSIT_TO,2,30.16717,-97.78974,0,
2513,2024-11-01 19:18:00-05,2024-11-01,801,2811287_12440,6362,IN_TRANSIT_TO,2,30.16717,-97.789734,0,
2513,2024-11-01 19:18:15-05,2024-11-01,801,2811287_12440,6362,IN_TRANSIT_TO,2,30.16717,-97.789734,0,
2513,2024-11-01 19:18:25-05,2024-11-01,801,2811287_12440,6362,IN_TRANSIT_TO,2,30.16717,-97.78973,0.45,
2513,2024-11-01 19:18:40-05,2024-11-01,801,2811287_12440,6362,IN_TRANSIT_TO,2,30.167166,-97.78973,0,
2513,2024-11-01 19:19:00-05,2024-11-01,801,2811287_12440,6362,IN_TRANSIT_TO,2,30.16716,-97.789,3.58,92
2513,2024-11-01 19:19:10-05,2024-11-01,801,2811287_12440,6362,IN_TRANSIT_TO,2,30.16716,-97.78893,0,
2513,2024-11-01 19:19:25-05,2024-11-01,801,2811287_12440,6362,IN_TRANSIT_TO,2,30.167158,-97.788925,0,
2513,2024-11-01 19:19:45-05,2024-11-01,801,2811287_12440,6362,IN_TRANSIT_TO,2,30.16715,-97.78893,0,
2513,2024-11-01 19:19:55-05,2024-11-01,801,2811287_12440,6362,IN_TRANSIT_TO,2,30.167154,-97.788925,0.04,
2513,2024-11-01 19:20:10-05,2024-11-01,801,2811287_12440,6362,IN_TRANSIT_TO,2,30.167154,-97.788925,0,
2513,2024-11-01 19:20:25-05,2024-11-01,801,2811287_12440,6362,IN_TRANSIT_TO,2,30.16716,-97.78893,0,
2513,2024-11-01 19:20:45-05,2024-11-01,801,2811287_12440,6362,IN_TRANSIT_TO,2,30.167362,-97.788445,6.71,2
2513,2024-11-01 19:21:00-05,2024-11-01,801,2811287_12440,6362,IN_TRANSIT_TO,2,30.168516,-97.78837,10.51,15.2
2513,2024-11-01 19:21:15-05,2024-11-01,801,2811287_12440,6362,IN_TRANSIT_TO,2,30.169565,-97.78762,3.4,46
2513,2024-11-01 19:21:25-05,2024-11-01,801,2811287_12440,6362,IN_TRANSIT_TO,2,30.1696,-97.78759,0,
2513,2024-11-01 19:21:45-05,2024-11-01,801,2811287_12440,6362,IN_TRANSIT_TO,2,30.169596,-97.78759,0.04,
2513,2024-11-01 19:22:05-05,2024-11-01,801,2811287_12440,6362,STOPPED_AT,2,30.17016,-97.7869,0,
2513,2024-11-01 19:22:10-05,2024-11-01,801,2811287_12440,6362,STOPPED_AT,2,30.170156,-97.7869,0.04,
2513,2024-11-01 19:22:25-05,2024-11-01,801,2811287_12440,6362,STOPPED_AT,2,30.17016,-97.7869,0,
2513,2024-11-01 19:22:45-05,2024-11-01,801,2811287_12440,6362,STOPPED_AT,2,30.170158,-97.7869,0,
2513,2024-11-01 19:23:00-05,2024-11-01,801,2811287_12440,6362,STOPPED_AT,2,30.17027,-97.78676,5.1,46.3
2513,2024-11-01 19:23:10-05,2024-11-01,801,2811287_12440,4382,IN_TRANSIT_TO,3,30.170738,-97.78621,8.63,43.3
2513,2024-11-01 19:23:30-05,2024-11-01,801,2811287_12440,4382,IN_TRANSIT_TO,3,30.172565,-97.78531,14.04,15.6
2513,2024-11-01 19:23:40-05,2024-11-01,801,2811287_12440,4382,IN_TRANSIT_TO,3,30.17391,-97.78488,16.54,15
2513,2024-11-01 19:23:55-05,2024-11-01,801,2811287_12440,4382,IN_TRANSIT_TO,3,30.17621,-97.784164,18.64,15.6
2513,2024-11-01 19:24:10-05,2024-11-01,801,2811287_12440,4382,IN_TRANSIT_TO,3,30.17858,-97.78341,17.43,16
2513,2024-11-01 19:24:25-05,2024-11-01,801,2811287_12440,4382,IN_TRANSIT_TO,3,30.18091,-97.78269,20.21,15.5
2513,2024-11-01 19:24:40-05,2024-11-01,801,2811287_12440,4382,IN_TRANSIT_TO,3,30.1833,-97.78193,15.65,15
2513,2024-11-01 19:25:00-05,2024-11-01,801,2811287_12440,4382,IN_TRANSIT_TO,3,30.18615,-97.78103,15.65,15
2513,2024-11-01 19:25:15-05,2024-11-01,801,2811287_12440,4382,IN_TRANSIT_TO,3,30.188267,-97.78037,16.76,15.3
2513,2024-11-01 19:25:25-05,2024-11-01,801,2811287_12440,4382,IN_TRANSIT_TO,3,30.189665,-97.77994,15.02,15.4
2513,2024-11-01 19:25:40-05,2024-11-01,801,2811287_12440,4382,IN_TRANSIT_TO,3,30.19149,-97.77934,12.56,17.4
2513,2024-11-01 19:25:55-05,2024-11-01,801,2811287_12440,4382,IN_TRANSIT_TO,3,30.192396,-97.779,0.8,
2513,2024-11-01 19:26:10-05,2024-11-01,801,2811287_12440,4382,IN_TRANSIT_TO,3,30.1924,-97.779,1.34,
2513,2024-11-01 19:26:30-05,2024-11-01,801,2811287_12440,4382,IN_TRANSIT_TO,3,30.193771,-97.77844,11.4,20.2
2513,2024-11-01 19:26:45-05,2024-11-01,801,2811287_12440,4382,STOPPED_AT,3,30.19453,-97.77811,0,
2513,2024-11-01 19:26:55-05,2024-11-01,801,2811287_12440,4382,STOPPED_AT,3,30.194527,-97.778114,0,
2513,2024-11-01 19:27:10-05,2024-11-01,801,2811287_12440,4382,STOPPED_AT,3,30.19453,-97.77811,0.89,
2513,2024-11-01 19:27:30-05,2024-11-01,801,2811287_12440,559,IN_TRANSIT_TO,4,30.195797,-97.77758,11.49,20.1
2513,2024-11-01 19:27:45-05,2024-11-01,801,2811287_12440,559,IN_TRANSIT_TO,4,30.19687,-97.77715,4.02,18
2513,2024-11-01 19:27:55-05,2024-11-01,801,2811287_12440,559,IN_TRANSIT_TO,4,30.19758,-97.77689,10.73,18
2513,2024-11-01 19:28:15-05,2024-11-01,801,2811287_12440,559,IN_TRANSIT_TO,4,30.19994,-97.77619,15.65,12
2513,2024-11-01 19:28:30-05,2024-11-01,801,2811287_12440,559,STOPPED_AT,4,30.20175,-97.77567,9.83,17
2513,2024-11-01 19:28:40-05,2024-11-01,801,2811287_12440,559,STOPPED_AT,4,30.20207,-97.77556,0,
2513,2024-11-01 19:28:55-05,2024-11-01,801,2811287_12440,559,STOPPED_AT,4,30.202068,-97.775566,0.63,
2513,2024-11-01 19:29:10-05,2024-11-01,801,2811287_12440,6525,IN_TRANSIT_TO,5,30.20306,-97.77531,11.62,12
2513,2024-11-01 19:29:30-05,2024-11-01,801,2811287_12440,6525,IN_TRANSIT_TO,5,30.20465,-97.77479,0.45,
2513,2024-11-01 19:29:40-05,2024-11-01,801,2811287_12440,6525,IN_TRANSIT_TO,5,30.20465,-97.77479,0.04,
2513,2024-11-01 19:30:00-05,2024-11-01,801,2811287_12440,6525,IN_TRANSIT_TO,5,30.2049,-97.77469,6.71,19
2513,2024-11-01 19:30:15-05,2024-11-01,801,2811287_12440,6355,IN_TRANSIT_TO,6,30.206074,-97.77426,11.8,19.3
2513,2024-11-01 19:30:25-05,2024-11-01,801,2811287_12440,6355,IN_TRANSIT_TO,6,30.20718,-97.77375,13.86,24
2513,2024-11-01 19:30:45-05,2024-11-01,801,2811287_12440,6355,IN_TRANSIT_TO,6,30.20874,-97.77283,0.45,
2513,2024-11-01 19:31:05-05,2024-11-01,801,2811287_12440,6355,IN_TRANSIT_TO,6,30.209585,-97.772316,12.29,28.3
2513,2024-11-01 19:31:10-05,2024-11-01,801,2811287_12440,6355,IN_TRANSIT_TO,6,30.210112,-97.77197,13.95,30
2513,2024-11-01 19:31:25-05,2024-11-01,801,2811287_12440,6355,IN_TRANSIT_TO,6,30.21177,-97.77091,13.99,28.9
2513,2024-11-01 19:31:40-05,2024-11-01,801,2811287_12440,6355,IN_TRANSIT_TO,6,30.213356,-97.7699,12.38,29.2
2513,2024-11-01 19:32:00-05,2024-11-01,801,2811287_12440,6355,IN_TRANSIT_TO,6,30.215305,-97.768654,12.38,29
2513,2024-11-01 19:32:10-05,2024-11-01,801,2811287_12440,6355,IN_TRANSIT_TO,6,30.21636,-97.76797,13.86,29
2513,2024-11-01 19:32:30-05,2024-11-01,801,2811287_12440,6355,STOPPED_AT,6,30.217752,-97.767044,1.03,
2513,2024-11-01 19:32:45-05,2024-11-01,801,2811287_12440,6355,STOPPED_AT,6,30.21775,-97.76704,0,
2513,2024-11-01 19:32:55-05,2024-11-01,801,2811287_12440,6355,STOPPED_AT,6,30.21777,-97.76703,2.41,27.7
2513,2024-11-01 19:33:15-05,2024-11-01,801,2811287_12440,5552,IN_TRANSIT_TO,7,30.219175,-97.7662,11.71,26.7
2513,2024-11-01 19:33:30-05,2024-11-01,801,2811287_12440,5552,IN_TRANSIT_TO,7,30.22049,-97.76542,10.73,28
2513,2024-11-01 19:33:40-05,2024-11-01,801,2811287_12440,5552,IN_TRANSIT_TO,7,30.22117,-97.76501,4.47,29
2513,2024-11-01 19:34:05-05,2024-11-01,801,2811287_12440,5552,IN_TRANSIT_TO,7,30.22124,-97.76497,0,
2513,2024-11-01 19:34:10-05,2024-11-01,801,2811287_12440,5552,IN_TRANSIT_TO,7,30.221241,-97.76498,0,
2513,2024-11-01 19:34:25-05,2024-11-01,801,2811287_12440,5552,IN_TRANSIT_TO,7,30.22124,-97.76497,0,
2513,2024-11-01 19:34:40-05,2024-11-01,801,2811287_12440,5552,IN_TRANSIT_TO,7,30.22124,-97.76497,0,
2513,2024-11-01 19:35:00-05,2024-11-01,801,2811287_12440,5552,IN_TRANSIT_TO,7,30.221241,-97.76497,0,
2513,2024-11-01 19:35:10-05,2024-11-01,801,2811287_12440,5552,IN_TRANSIT_TO,7,30.22125,-97.76497,0.31,
2513,2024-11-01 19:35:25-05,2024-11-01,801,2811287_12440,5552,IN_TRANSIT_TO,7,30.221704,-97.76534,8.9,297.3
2513,2024-11-01 19:35:45-05,2024-11-01,801,2811287_12440,5552,IN_TRANSIT_TO,7,30.22255,-97.76713,4.02,306
2513,2024-11-01 19:36:00-05,2024-11-01,801,2811287_12440,5552,IN_TRANSIT_TO,7,30.22309,-97.76696,5.36,31
2513,2024-11-01 19:36:10-05,2024-11-01,801,2811287_12440,5552,IN_TRANSIT_TO,7,30.22351,-97.76669,4.92,27
2513,2024-11-01 19:36:30-05,2024-11-01,801,2811287_12440,5552,IN_TRANSIT_TO,7,30.223503,-97.766075,4.07,134.8
2513,2024-11-01 19:36:45-05,2024-11-01,801,2811287_12440,5552,STOPPED_AT,7,30.223125,-97.7661,2.95,224.4
2513,2024-11-01 19:37:00-05,2024-11-01,801,2811287_12440,5552,STOPPED_AT,7,30.223003,-97.766235,0.04,
2513,2024-11-01 19:37:10-05,2024-11-01,801,2811287_12440,5552,STOPPED_AT,7,30.223003,-97.766235,0,
2513,2024-11-01 19:37:30-05,2024-11-01,801,2811287_12440,5552,STOPPED_AT,7,30.223,-97.76624,0,
2513,2024-11-01 19:37:40-05,2024-11-01,801,2811287_12440,5552,STOPPED_AT,7,30.222973,-97.76624,1.79,193
2513,2024-11-01 19:38:00-05,2024-11-01,801,2811287_12440,5869,IN_TRANSIT_TO,8,30.222431,-97.766556,1.34,
2513,2024-11-01 19:38:15-05,2024-11-01,801,2811287_12440,5869,IN_TRANSIT_TO,8,30.222206,-97.76645,5.77,123.7
2513,2024-11-01 19:38:25-05,2024-11-01,801,2811287_12440,5869,IN_TRANSIT_TO,8,30.22184,-97.76567,8.27,117
2513,2024-11-01 19:38:40-05,2024-11-01,801,2811287_12440,5869,IN_TRANSIT_TO,8,30.221596,-97.765114,0.04,
2513,2024-11-01 19:39:00-05,2024-11-01,801,2811287_12440,5869,IN_TRANSIT_TO,8,30.2216,-97.76512,0,
2513,2024-11-01 19:39:10-05,2024-11-01,801,2811287_12440,5869,IN_TRANSIT_TO,8,30.221596,-97.765114,1.48,
2513,2024-11-01 19:39:25-05,2024-11-01,801,2811287_12440,5869,IN_TRANSIT_TO,8,30.22167,-97.76464,6.26,32
2513,2024-11-01 19:39:40-05,2024-11-01,801,2811287_12440,5869,IN_TRANSIT_TO,8,30.222326,-97.76421,0.13,
2513,2024-11-01 19:40:00-05,2024-11-01,801,2811287_12440,5869,IN_TRANSIT_TO,8,30.22233,-97.76422,0,
2513,2024-11-01 19:40:15-05,2024-11-01,801,2811287_12440,5869,IN_TRANSIT_TO,8,30.22233,-97.76422,0,
2513,2024-11-01 19:40:25-05,2024-11-01,801,2811287_12440,5869,IN_TRANSIT_TO,8,30.22233,-97.76422,0,
2513,2024-11-01 19:40:40-05,2024-11-01,801,2811287_12440,5869,IN_TRANSIT_TO,8,30.22233,-97.76422,0,
2513,2024-11-01 19:41:00-05,2024-11-01,801,2811287_12440,5869,IN_TRANSIT_TO,8,30.223225,-97.76365,9.7,26.9
2513,2024-11-01 19:41:10-05,2024-11-01,801,2811287_12440,5869,IN_TRANSIT_TO,8,30.224136,-97.76314,11.98,25.5
2513,2024-11-01 19:41:25-05,2024-11-01,801,2811287_12440,5869,IN_TRANSIT_TO,8,30.225645,-97.76234,12.2,23.2
2513,2024-11-01 19:41:45-05,2024-11-01,801,2811287_12440,5869,IN_TRANSIT_TO,8,30.22698,-97.76166,0.89,
2513,2024-11-01 19:42:00-05,2024-11-01,801,2811287_12440,5869,IN_TRANSIT_TO,8,30.22698,-97.76166,0,
2513,2024-11-01 19:42:10-05,2024-11-01,801,2811287_12440,5869,IN_TRANSIT_TO,8,30.22698,-97.76166,0,
2513,2024-11-01 19:42:25-05,2024-11-01,801,2811287_12440,5869,IN_TRANSIT_TO,8,30.227688,-97.761314,10.24,24.7
2513,2024-11-01 19:42:45-05,2024-11-01,801,2811287_12440,5869,IN_TRANSIT_TO,8,30.22924,-97.76043,4.92,29
2513,2024-11-01 19:43:00-05,2024-11-01,801,2811287_12440,5869,IN_TRANSIT_TO,8,30.22964,-97.76019,7.6,28
2513,2024-11-01 19:43:10-05,2024-11-01,801,2811287_12440,5869,STOPPED_AT,8,30.2303,-97.75977,7.15,30
2513,2024-11-01 19:43:25-05,2024-11-01,801,2811287_12440,5869,STOPPED_AT,8,30.23055,-97.75958,0,
2513,2024-11-01 19:43:40-05,2024-11-01,801,2811287_12440,5869,STOPPED_AT,8,30.230547,-97.759575,0,
2513,2024-11-01 19:44:00-05,2024-11-01,801,2811287_12440,4039,IN_TRANSIT_TO,9,30.23157,-97.75897,11.58,28.5
2513,2024-11-01 19:44:15-05,2024-11-01,801,2811287_12440,4039,IN_TRANSIT_TO,9,30.23304,-97.75807,13.41,28
2513,2024-11-01 19:44:25-05,2024-11-01,801,2811287_12440,4039,IN_TRANSIT_TO,9,30.23423,-97.75731,15.2,31
2513,2024-11-01 19:44:45-05,2024-11-01,801,2811287_12440,4039,IN_TRANSIT_TO,9,30.23604,-97.75585,12.52,37
2513,2024-11-01 19:44:55-05,2024-11-01,801,2811287_12440,4039,IN_TRANSIT_TO,9,30.23708,-97.75496,14.66,36.6
2513,2024-11-01 19:45:10-05,2024-11-01,801,2811287_12440,4039,IN_TRANSIT_TO,9,30.238571,-97.75368,11.8,36.6
2513,2024-11-01 19:45:25-05,2024-11-01,801,2811287_12440,4039,STOPPED_AT,9,30.23951,-97.75291,3.13,32
2513,2024-11-01 19:45:45-05,2024-11-01,801,2811287_12440,4039,STOPPED_AT,9,30.23955,-97.75288,0,
2513,2024-11-01 19:46:00-05,2024-11-01,801,2811287_12440,4039,STOPPED_AT,9,30.23955,-97.75288,0,
2513,2024-11-01 19:46:10-05,2024-11-01,801,2811287_12440,4039,STOPPED_AT,9,30.239567,-97.75288,0,
2513,2024-11-01 19:46:30-05,2024-11-01,801,2811287_12440,4039,STOPPED_AT,9,30.23957,-97.75288,0,
2513,2024-11-01 19:46:40-05,2024-11-01,801,2811287_12440,4039,STOPPED_AT,9,30.239567,-97.75288,0,
2513,2024-11-01 19:46:55-05,2024-11-01,801,2811287_12440,4039,STOPPED_AT,9,30.239883,-97.75279,6.04,9.1
2513,2024-11-01 19:47:15-05,2024-11-01,801,2811287_12440,4026,IN_TRANSIT_TO,10,30.24156,-97.75252,10.73,9
2513,2024-11-01 19:47:30-05,2024-11-01,801,2811287_12440,4026,IN_TRANSIT_TO,10,30.243156,-97.752014,12.74,17.4
2513,2024-11-01 19:47:40-05,2024-11-01,801,2811287_12440,4026,IN_TRANSIT_TO,10,30.2443,-97.751595,13.41,17.8
2513,2024-11-01 19:48:00-05,2024-11-01,801,2811287_12440,4026,IN_TRANSIT_TO,10,30.24613,-97.7509,8.54,17.7
2513,2024-11-01 19:48:10-05,2024-11-01,801,2811287_12440,4026,IN_TRANSIT_TO,10,30.24684,-97.75064,7.6,18
2513,2024-11-01 19:48:25-05,2024-11-01,801,2811287_12440,4026,IN_TRANSIT_TO,10,30.247849,-97.75025,6.93,16.1
2513,2024-11-01 19:48:45-05,2024-11-01,801,2811287_12440,4026,IN_TRANSIT_TO,10,30.24811,-97.75018,1.34,
2513,2024-11-01 19:49:00-05,2024-11-01,801,2811287_12440,4026,STOPPED_AT,10,30.248686,-97.749954,1.83,17.6
2513,2024-11-01 19:49:10-05,2024-11-01,801,2811287_12440,4026,STOPPED_AT,10,30.2487,-97.74996,1.34,
2513,2024-11-01 19:49:25-05,2024-11-01,801,2811287_12440,2767,IN_TRANSIT_TO,11,30.24938,-97.74971,7.15,16
2513,2024-11-01 19:49:45-05,2024-11-01,801,2811287_12440,2767,IN_TRANSIT_TO,11,30.25093,-97.74914,9.39,18
2513,2024-11-01 19:50:00-05,2024-11-01,801,2811287_12440,2767,IN_TRANSIT_TO,11,30.25184,-97.74879,7.73,17.7
2513,2024-11-01 19:50:10-05,2024-11-01,801,2811287_12440,2767,IN_TRANSIT_TO,11,30.25257,-97.748505,6.75,18.1
2513,2024-11-01 19:50:25-05,2024-11-01,801,2811287_12440,2767,IN_TRANSIT_TO,11,30.25343,-97.74819,8.05,18
2513,2024-11-01 19:50:45-05,2024-11-01,801,2811287_12440,2767,IN_TRANSIT_TO,11,30.25482,-97.74769,10.59,17.7
2513,2024-11-01 19:51:05-05,2024-11-01,801,2811287_12440,2767,IN_TRANSIT_TO,11,30.25671,-97.74703,5.36,18
2513,2024-11-01 19:51:15-05,2024-11-01,801,2811287_12440,2767,IN_TRANSIT_TO,11,30.2569,-97.74696,0,
2513,2024-11-01 19:51:30-05,2024-11-01,801,2811287_12440,2767,IN_TRANSIT_TO,11,30.2569,-97.74696,0,
2513,2024-11-01 19:51:40-05,2024-11-01,801,2811287_12440,2767,IN_TRANSIT_TO,11,30.2569,-97.74696,0,
2513,2024-11-01 19:52:00-05,2024-11-01,801,2811287_12440,2767,IN_TRANSIT_TO,11,30.256905,-97.74696,0.04,
2513,2024-11-01 19:52:10-05,2024-11-01,801,2811287_12440,2767,IN_TRANSIT_TO,11,30.25693,-97.74695,2.24,19
2513,2024-11-01 19:52:30-05,2024-11-01,801,2811287_12440,2767,IN_TRANSIT_TO,11,30.25789,-97.74758,9.83,317
2513,2024-11-01 19:52:45-05,2024-11-01,801,2811287_12440,2767,IN_TRANSIT_TO,11,30.2586,-97.74833,7.15,320
2513,2024-11-01 19:53:00-05,2024-11-01,801,2811287_12440,2767,STOPPED_AT,11,30.25928,-97.74899,1.79,307
2513,2024-11-01 19:53:15-05,2024-11-01,801,2811287_12440,2767,STOPPED_AT,11,30.259275,-97.74902,0.04,
2513,2024-11-01 19:53:25-05,2024-11-01,801,2811287_12440,2767,STOPPED_AT,11,30.25927,-97.74903,0,
2513,2024-11-01 19:53:40-05,2024-11-01,801,2811287_12440,2767,STOPPED_AT,11,30.25927,-97.74903,0,
2513,2024-11-01 19:53:50-05,2024-11-01,801,2811287_12440,2767,STOPPED_AT,11,30.25926,-97.74905,0,
2513,2024-11-01 19:54:10-05,2024-11-01,801,2811287_12440,2767,STOPPED_AT,11,30.25965,-97.74938,2.68,352
2513,2024-11-01 19:54:25-05,2024-11-01,801,2811287_12440,5868,IN_TRANSIT_TO,12,30.260706,-97.74881,11.35,21.5
2513,2024-11-01 19:54:45-05,2024-11-01,801,2811287_12440,5868,IN_TRANSIT_TO,12,30.26293,-97.7479,12.07,18
2513,2024-11-01 19:55:00-05,2024-11-01,801,2811287_12440,5868,IN_TRANSIT_TO,12,30.263632,-97.74761,0.04,
2513,2024-11-01 19:55:10-05,2024-11-01,801,2811287_12440,5868,IN_TRANSIT_TO,12,30.26363,-97.74762,0,
2513,2024-11-01 19:55:25-05,2024-11-01,801,2811287_12440,5868,IN_TRANSIT_TO,12,30.263718,-97.74756,3.67,29.3
2513,2024-11-01 19:55:45-05,2024-11-01,801,2811287_12440,5868,IN_TRANSIT_TO,12,30.264389,-97.74678,5.9,14.6
2513,2024-11-01 19:56:00-05,2024-11-01,801,2811287_12440,5868,IN_TRANSIT_TO,12,30.26465,-97.7467,0,
2513,2024-11-01 19:56:10-05,2024-11-01,801,2811287_12440,5868,IN_TRANSIT_TO,12,30.26465,-97.7467,0,
2513,2024-11-01 19:56:30-05,2024-11-01,801,2811287_12440,5868,IN_TRANSIT_TO,12,30.26495,-97.7466,7.15,16
2513,2024-11-01 19:56:45-05,2024-11-01,801,2811287_12440,5868,IN_TRANSIT_TO,12,30.265596,-97.74641,0.72,
2513,2024-11-01 19:57:00-05,2024-11-01,801,2811287_12440,5868,IN_TRANSIT_TO,12,30.26567,-97.74635,1.43,
2513,2024-11-01 19:57:10-05,2024-11-01,801,2811287_12440,5868,STOPPED_AT,12,30.266026,-97.74618,5.19,24.3
2513,2024-11-01 19:57:30-05,2024-11-01,801,2811287_12440,5868,STOPPED_AT,12,30.26616,-97.746,0,
2513,2024-11-01 19:57:40-05,2024-11-01,801,2811287_12440,5868,STOPPED_AT,12,30.266165,-97.745995,0.04,
2513,2024-11-01 19:57:55-05,2024-11-01,801,2811287_12440,5868,STOPPED_AT,12,30.266165,-97.745995,0,
2513,2024-11-01 19:58:15-05,2024-11-01,801,2811287_12440,5868,STOPPED_AT,12,30.266155,-97.74598,0,
2513,2024-11-01 19:58:30-05,2024-11-01,801,2811287_12440,5868,STOPPED_AT,12,30.26617,-97.74597,1.7,19.6
2513,2024-11-01 19:58:40-05,2024-11-01,801,2811287_12440,5868,STOPPED_AT,12,30.26632,-97.74598,0.89,
2513,2024-11-01 19:58:55-05,2024-11-01,801,2811287_12440,5868,STOPPED_AT,12,30.26626,-97.74609,1.34,
2513,2024-11-01 19:59:11-05,2024-11-01,801,2811287_12440,5868,STOPPED_AT,12,30.26583,-97.74682,6.26,13
2513,2024-11-01 19:59:27-05,2024-11-01,801,2811287_12440,2606,IN_TRANSIT_TO,13,30.267555,-97.74592,5.36,28.6
2513,2024-11-01 19:59:41-05,2024-11-01,801,2811287_12440,2606,IN_TRANSIT_TO,13,30.2677,-97.74581,0.13,
2513,2024-11-01 19:59:56-05,2024-11-01,801,2811287_12440,2606,IN_TRANSIT_TO,13,30.2677,-97.74581,0.04,
2513,2024-11-01 20:00:16-05,2024-11-01,801,2811287_12440,2606,IN_TRANSIT_TO,13,30.26777,-97.74576,0.45,
2513,2024-11-01 20:00:26-05,2024-11-01,801,2811287_12440,2606,IN_TRANSIT_TO,13,30.26784,-97.74582,3.58,359
2513,2024-11-01 20:00:41-05,2024-11-01,801,2811287_12440,2606,IN_TRANSIT_TO,13,30.269192,-97.74532,9.12,16.8
2513,2024-11-01 20:01:01-05,2024-11-01,801,2811287_12440,2606,IN_TRANSIT_TO,13,30.269962,-97.74503,0.04,
2513,2024-11-01 20:01:16-05,2024-11-01,801,2811287_12440,2606,STOPPED_AT,13,30.27091,-97.74473,9.39,19
2513,2024-11-01 20:01:26-05,2024-11-01,801,2811287_12440,591,IN_TRANSIT_TO,14,30.27178,-97.74445,9.83,17
2513,2024-11-01 20:01:41-05,2024-11-01,801,2811287_12440,591,IN_TRANSIT_TO,14,30.273043,-97.743996,8.81,18.9
2513,2024-11-01 20:02:01-05,2024-11-01,801,2811287_12440,591,IN_TRANSIT_TO,14,30.27461,-97.74326,9.39,17
2513,2024-11-01 20:02:16-05,2024-11-01,801,2811287_12440,591,STOPPED_AT,14,30.27537,-97.7428,0,
2513,2024-11-01 20:02:31-05,2024-11-01,801,2811287_12440,591,STOPPED_AT,14,30.275476,-97.74275,0.76,
2513,2024-11-01 20:02:46-05,2024-11-01,801,2811287_12440,591,STOPPED_AT,14,30.275476,-97.74275,0,
2513,2024-11-01 20:03:01-05,2024-11-01,801,2811287_12440,591,STOPPED_AT,14,30.275476,-97.74275,0,
2513,2024-11-01 20:03:11-05,2024-11-01,801,2811287_12440,591,STOPPED_AT,14,30.275604,-97.742714,5.54,16.2
2513,2024-11-01 20:03:26-05,2024-11-01,801,2811287_12440,4657,IN_TRANSIT_TO,15,30.27663,-97.74232,8.49,17
2513,2024-11-01 20:03:46-05,2024-11-01,801,2811287_12440,4657,IN_TRANSIT_TO,15,30.277956,-97.741776,7.96,18.1
2513,2024-11-01 20:04:06-05,2024-11-01,801,2811287_12440,4657,IN_TRANSIT_TO,15,30.278389,-97.74155,0.04,
2513,2024-11-01 20:04:16-05,2024-11-01,801,2811287_12440,4657,IN_TRANSIT_TO,15,30.278389,-97.74155,0.72,
2513,2024-11-01 20:04:46-05,2024-11-01,801,2811287_12440,5865,IN_TRANSIT_TO,16,30.280096,-97.74098,1.79,18.6
2513,2024-11-01 20:05:01-05,2024-11-01,801,2811287_12440,5865,IN_TRANSIT_TO,16,30.28012,-97.74097,0,
2513,2024-11-01 20:05:16-05,2024-11-01,801,2811287_12440,5865,IN_TRANSIT_TO,16,30.280119,-97.74097,0,
2513,2024-11-01 20:05:26-05,2024-11-01,801,2811287_12440,5865,IN_TRANSIT_TO,16,30.280119,-97.74097,0,
2513,2024-11-01 20:05:36-05,2024-11-01,801,2811287_12440,5865,IN_TRANSIT_TO,16,30.280128,-97.74097,0,
2513,2024-11-01 20:06:06-05,2024-11-01,801,2811287_12440,5865,IN_TRANSIT_TO,16,30.28055,-97.74182,1.34,
2513,2024-11-01 20:06:11-05,2024-11-01,801,2811287_12440,5865,IN_TRANSIT_TO,16,30.280664,-97.74191,3.62,359.3
2513,2024-11-01 20:06:26-05,2024-11-01,801,2811287_12440,5865,IN_TRANSIT_TO,16,30.28142,-97.74176,4.47,350
2513,2024-11-01 20:06:46-05,2024-11-01,801,2811287_12440,5865,IN_TRANSIT_TO,16,30.281507,-97.741776,0,
2513,2024-11-01 20:07:06-05,2024-11-01,801,2811287_12440,5865,IN_TRANSIT_TO,16,30.28186,-97.74194,8.49,337
2513,2024-11-01 20:07:12-05,2024-11-01,801,2811287_12440,5865,IN_TRANSIT_TO,16,30.282303,-97.742004,8.05,4.9
2513,2024-11-01 20:07:32-05,2024-11-01,801,2811287_12440,5865,IN_TRANSIT_TO,16,30.283443,-97.74193,1.61,3.1
2513,2024-11-01 20:07:42-05,2024-11-01,801,2811287_12440,5865,IN_TRANSIT_TO,16,30.28345,-97.74193,0,
2513,2024-11-01 20:07:57-05,2024-11-01,801,2811287_12440,5865,IN_TRANSIT_TO,16,30.283455,-97.741936,0,
2513,2024-11-01 20:08:12-05,2024-11-01,801,2811287_12440,5865,IN_TRANSIT_TO,16,30.28345,-97.74193,0,
2513,2024-11-01 20:08:37-05,2024-11-01,801,2811287_12440,5865,IN_TRANSIT_TO,16,30.28441,-97.74188,5.36,4
2513,2024-11-01 20:09:02-05,2024-11-01,801,2811287_12440,5865,STOPPED_AT,16,30.286015,-97.74169,5.1,6.5
2513,2024-11-01 20:09:12-05,2024-11-01,801,2811287_12440,5865,STOPPED_AT,16,30.286171,-97.74166,0.04,
2513,2024-11-01 20:09:22-05,2024-11-01,801,2811287_12440,5865,STOPPED_AT,16,30.286171,-97.74166,0.04,
2513,2024-11-01 20:09:37-05,2024-11-01,801,2811287_12440,5864,IN_TRANSIT_TO,17,30.286665,-97.741615,7.06,4.1
2513,2024-11-01 20:09:57-05,2024-11-01,801,2811287_12440,5864,IN_TRANSIT_TO,17,30.28714,-97.74159,0,
2513,2024-11-01 20:10:12-05,2024-11-01,801,2811287_12440,5864,IN_TRANSIT_TO,17,30.28714,-97.74159,0,
2513,2024-11-01 20:10:27-05,2024-11-01,801,2811287_12440,5864,IN_TRANSIT_TO,17,30.28714,-97.74159,0,
2513,2024-11-01 20:10:47-05,2024-11-01,801,2811287_12440,5864,IN_TRANSIT_TO,17,30.287699,-97.74158,6.57,357.6
2513,2024-11-01 20:11:02-05,2024-11-01,801,2811287_12440,5864,IN_TRANSIT_TO,17,30.288559,-97.74151,4.52,4.1
2513,2024-11-01 20:11:12-05,2024-11-01,801,2811287_12440,5864,IN_TRANSIT_TO,17,30.288765,-97.74148,4.07,1.1
2513,2024-11-01 20:11:22-05,2024-11-01,801,2811287_12440,5864,IN_TRANSIT_TO,17,30.28933,-97.741394,6.53,5.9
2513,2024-11-01 20:11:42-05,2024-11-01,801,2811287_12440,5864,IN_TRANSIT_TO,17,30.28952,-97.74135,0,
2513,2024-11-01 20:11:57-05,2024-11-01,801,2811287_12440,5864,IN_TRANSIT_TO,17,30.28952,-97.74135,0,
2513,2024-11-01 20:12:12-05,2024-11-01,801,2811287_12440,5864,IN_TRANSIT_TO,17,30.28953,-97.74134,0,
2513,2024-11-01 20:12:32-05,2024-11-01,801,2811287_12440,5864,IN_TRANSIT_TO,17,30.28953,-97.74134,0,
2513,2024-11-01 20:12:42-05,2024-11-01,801,2811287_12440,5864,IN_TRANSIT_TO,17,30.28953,-97.74134,0.45,
2513,2024-11-01 20:13:02-05,2024-11-01,801,2811287_12440,5864,STOPPED_AT,17,30.29009,-97.74134,0,
2513,2024-11-01 20:13:12-05,2024-11-01,801,2811287_12440,5864,STOPPED_AT,17,30.29009,-97.74134,0.45,
2513,2024-11-01 20:13:32-05,2024-11-01,801,2811287_12440,603,IN_TRANSIT_TO,18,30.2916,-97.74123,9.83,5
2513,2024-11-01 20:13:42-05,2024-11-01,801,2811287_12440,603,IN_TRANSIT_TO,18,30.292402,-97.74127,9.61,333.7
2513,2024-11-01 20:13:57-05,2024-11-01,801,2811287_12440,603,IN_TRANSIT_TO,18,30.29368,-97.74198,11.18,336
2513,2024-11-01 20:14:12-05,2024-11-01,801,2811287_12440,603,IN_TRANSIT_TO,18,30.295073,-97.74268,8.63,336.7
2513,2024-11-01 20:14:27-05,2024-11-01,801,2811287_12440,603,IN_TRANSIT_TO,18,30.296232,-97.74222,11.4,28.8
2513,2024-11-01 20:14:42-05,2024-11-01,801,2811287_12440,603,STOPPED_AT,18,30.297518,-97.74138,8.27,30.2
2513,2024-11-01 20:14:57-05,2024-11-01,801,2811287_12440,603,STOPPED_AT,18,30.29772,-97.74123,0,
2513,2024-11-01 20:15:12-05,2024-11-01,801,2811287_12440,603,STOPPED_AT,18,30.29778,-97.7412,4.65,27
2513,2024-11-01 20:15:27-05,2024-11-01,801,2811287_12440,606,IN_TRANSIT_TO,19,30.29892,-97.74052,11.62,29
2513,2024-11-01 20:15:42-05,2024-11-01,801,2811287_12440,606,IN_TRANSIT_TO,19,30.300316,-97.73963,10.95,27.7
2513,2024-11-01 20:15:57-05,2024-11-01,801,2811287_12440,606,IN_TRANSIT_TO,19,30.30168,-97.73876,10.73,29
2513,2024-11-01 20:16:12-05,2024-11-01,801,2811287_12440,606,IN_TRANSIT_TO,19,30.302488,-97.73824,1.16,
2513,2024-11-01 20:16:22-05,2024-11-01,801,2811287_12440,606,IN_TRANSIT_TO,19,30.30254,-97.73821,0,
2513,2024-11-01 20:16:42-05,2024-11-01,801,2811287_12440,606,IN_TRANSIT_TO,19,30.30254,-97.73821,0,
2513,2024-11-01 20:16:57-05,2024-11-01,801,2811287_12440,606,IN_TRANSIT_TO,19,30.302807,-97.73805,8.18,29.5
2513,2024-11-01 20:17:12-05,2024-11-01,801,2811287_12440,606,IN_TRANSIT_TO,19,30.30404,-97.73727,9.83,29
2513,2024-11-01 20:17:27-05,2024-11-01,801,2811287_12440,606,STOPPED_AT,19,30.304398,-97.73703,0.04,
2513,2024-11-01 20:17:37-05,2024-11-01,801,2811287_12440,606,STOPPED_AT,19,30.30462,-97.7369,7.6,28
2513,2024-11-01 20:18:02-05,2024-11-01,801,2811287_12440,610,IN_TRANSIT_TO,20,30.306988,-97.735435,13.5,29
2513,2024-11-01 20:18:12-05,2024-11-01,801,2811287_12440,610,IN_TRANSIT_TO,20,30.30803,-97.73477,11.62,29
2513,2024-11-01 20:18:27-05,2024-11-01,801,2811287_12440,610,IN_TRANSIT_TO,20,30.30911,-97.73404,12.07,29
2513,2024-11-01 20:18:42-05,2024-11-01,801,2811287_12440,610,IN_TRANSIT_TO,20,30.310535,-97.73312,7.2,29.7
2513,2024-11-01 20:19:02-05,2024-11-01,801,2811287_12440,610,IN_TRANSIT_TO,20,30.310665,-97.73304,0,
2513,2024-11-01 20:19:12-05,2024-11-01,801,2811287_12440,610,IN_TRANSIT_TO,20,30.31066,-97.73304,0,
2513,2024-11-01 20:19:32-05,2024-11-01,801,2811287_12440,610,IN_TRANSIT_TO,20,30.312134,-97.73257,11.62,5.3
2513,2024-11-01 20:19:42-05,2024-11-01,801,2811287_12440,610,IN_TRANSIT_TO,20,30.312931,-97.732506,7.24,4.4
2513,2024-11-01 20:20:02-05,2024-11-01,801,2811287_12440,610,STOPPED_AT,20,30.314638,-97.73226,4.43,3.8
2513,2024-11-01 20:20:13-05,2024-11-01,801,2811287_12440,610,STOPPED_AT,20,30.31478,-97.73226,0,
2513,2024-11-01 20:20:22-05,2024-11-01,801,2811287_12440,610,STOPPED_AT,20,30.31478,-97.73226,0,
2513,2024-11-01 20:20:43-05,2024-11-01,801,2811287_12440,610,STOPPED_AT,20,30.31478,-97.73226,0,
2513,2024-11-01 20:20:57-05,2024-11-01,801,2811287_12440,612,IN_TRANSIT_TO,21,30.31533,-97.73223,9.39,3
2513,2024-11-01 20:21:12-05,2024-11-01,801,2811287_12440,612,IN_TRANSIT_TO,21,30.3165,-97.73211,6.26,15
2513,2024-11-01 20:21:27-05,2024-11-01,801,2811287_12440,612,IN_TRANSIT_TO,21,30.317547,-97.73156,9.61,28.5
2513,2024-11-01 20:21:42-05,2024-11-01,801,2811287_12440,612,IN_TRANSIT_TO,21,30.318466,-97.73098,8.31,27.9
2513,2024-11-01 20:21:57-05,2024-11-01,801,2811287_12440,612,IN_TRANSIT_TO,21,30.31966,-97.73021,10.73,29
2513,2024-11-01 20:22:12-05,2024-11-01,801,2811287_12440,612,IN_TRANSIT_TO,21,30.320807,-97.72949,8.94,28.7
2513,2024-11-01 20:22:22-05,2024-11-01,801,2811287_12440,612,STOPPED_AT,21,30.321287,-97.72917,1.3,
2513,2024-11-01 20:22:42-05,2024-11-01,801,2811287_12440,612,STOPPED_AT,21,30.32153,-97.72902,8.49,28
2513,2024-11-01 20:22:57-05,2024-11-01,801,2811287_12440,5862,IN_TRANSIT_TO,22,30.322796,-97.72824,9.43,28.6
2513,2024-11-01 20:23:12-05,2024-11-01,801,2811287_12440,5862,IN_TRANSIT_TO,22,30.324245,-97.72734,12.87,28.7
2513,2024-11-01 20:23:27-05,2024-11-01,801,2811287_12440,5862,IN_TRANSIT_TO,22,30.325726,-97.726395,10.95,28.5
2513,2024-11-01 20:23:43-05,2024-11-01,801,2811287_12440,5862,STOPPED_AT,22,30.32632,-97.72603,0,
2513,2024-11-01 20:23:57-05,2024-11-01,801,2811287_12440,5862,STOPPED_AT,22,30.32652,-97.72592,7.6,28
2513,2024-11-01 20:24:12-05,2024-11-01,801,2811287_12440,5860,IN_TRANSIT_TO,23,30.32798,-97.72501,14.75,29
2513,2024-11-01 20:24:27-05,2024-11-01,801,2811287_12440,5860,IN_TRANSIT_TO,23,30.329737,-97.72391,13.23,28.9
2513,2024-11-01 20:24:42-05,2024-11-01,801,2811287_12440,5860,IN_TRANSIT_TO,23,30.33134,-97.7229,14.31,29
2513,2024-11-01 20:24:57-05,2024-11-01,801,2811287_12440,5860,IN_TRANSIT_TO,23,30.333035,-97.72183,12.03,28.9
2513,2024-11-01 20:25:13-05,2024-11-01,801,2811287_12440,5860,IN_TRANSIT_TO,23,30.33361,-97.72146,0,
2513,2024-11-01 20:25:29-05,2024-11-01,801,2811287_12440,5860,IN_TRANSIT_TO,23,30.33412,-97.72114,9.83,29
2513,2024-11-01 20:25:39-05,2024-11-01,801,2811287_12440,5860,IN_TRANSIT_TO,23,30.33499,-97.72055,11.18,29
2513,2024-11-01 20:25:58-05,2024-11-01,801,2811287_12440,5860,IN_TRANSIT_TO,23,30.336123,-97.71988,1.79,28.7
2513,2024-11-01 20:26:13-05,2024-11-01,801,2811287_12440,5860,IN_TRANSIT_TO,23,30.336458,-97.71966,6.71,29.5
2513,2024-11-01 20:26:29-05,2024-11-01,801,2811287_12440,5860,STOPPED_AT,23,30.33674,-97.71948,0,
2513,2024-11-01 20:26:39-05,2024-11-01,801,2811287_12440,5860,STOPPED_AT,23,30.33693,-97.71935,4.47,30
2513,2024-11-01 20:27:00-05,2024-11-01,801,2811287_12440,5859,IN_TRANSIT_TO,24,30.337381,-97.719,7.55,36.1
2513,2024-11-01 20:27:16-05,2024-11-01,801,2811287_12440,5859,IN_TRANSIT_TO,24,30.338799,-97.71819,13.32,28
2513,2024-11-01 20:27:31-05,2024-11-01,801,2811287_12440,5859,IN_TRANSIT_TO,24,30.34047,-97.71711,14.75,29
2513,2024-11-01 20:27:45-05,2024-11-01,801,2811287_12440,5859,IN_TRANSIT_TO,24,30.342154,-97.716034,16.09,28.9
2513,2024-11-01 20:28:01-05,2024-11-01,801,2811287_12440,5859,IN_TRANSIT_TO,24,30.344,-97.71487,12.96,32
2513,2024-11-01 20:28:11-05,2024-11-01,801,2811287_12440,5859,IN_TRANSIT_TO,24,30.345,-97.71401,14.31,37
2513,2024-11-01 20:28:26-05,2024-11-01,801,2811287_12440,5859,IN_TRANSIT_TO,24,30.34661,-97.71274,13.86,32
2513,2024-11-01 20:28:45-05,2024-11-01,801,2811287_12440,5859,IN_TRANSIT_TO,24,30.348057,-97.71225,8.81,319.5
2513,2024-11-01 20:29:01-05,2024-11-01,801,2811287_12440,5859,IN_TRANSIT_TO,24,30.34933,-97.71284,10.28,347
2513,2024-11-01 20:29:11-05,2024-11-01,801,2811287_12440,5859,IN_TRANSIT_TO,24,30.35005,-97.71304,5.81,353
2513,2024-11-01 20:29:30-05,2024-11-01,801,2811287_12440,5859,IN_TRANSIT_TO,24,30.35026,-97.71214,4.78,102.5
2513,2024-11-01 20:29:40-05,2024-11-01,801,2811287_12440,5859,IN_TRANSIT_TO,24,30.350073,-97.71163,5.23,128.3
2513,2024-11-01 20:30:01-05,2024-11-01,801,2811287_12440,5859,IN_TRANSIT_TO,24,30.34976,-97.71123,0,
2513,2024-11-01 20:30:11-05,2024-11-01,801,2811287_12440,5859,IN_TRANSIT_TO,24,30.34976,-97.71123,0.89,
2513,2024-11-01 20:30:30-05,2024-11-01,801,2811287_12440,5859,STOPPED_AT,24,30.3495,-97.71141,1.12,
2513,2024-11-01 20:30:41-05,2024-11-01,801,2811287_12440,5859,STOPPED_AT,24,30.3495,-97.71141,0,
2513,2024-11-01 20:31:01-05,2024-11-01,801,2811287_12440,5859,STOPPED_AT,24,30.34894,-97.71191,3.58,219
2513,2024-11-01 20:31:11-05,2024-11-01,801,2811287_12440,6348,IN_TRANSIT_TO,25,30.34888,-97.71197,0.89,
2513,2024-11-01 20:31:31-05,2024-11-01,801,2811287_12440,6348,IN_TRANSIT_TO,25,30.34875,-97.7121,4.92,221
2513,2024-11-01 20:31:41-05,2024-11-01,801,2811287_12440,6348,IN_TRANSIT_TO,25,30.34824,-97.71259,8.05,216
2513,2024-11-01 20:31:56-05,2024-11-01,801,2811287_12440,6348,IN_TRANSIT_TO,25,30.3474,-97.71291,7.6,135
2513,2024-11-01 20:32:15-05,2024-11-01,801,2811287_12440,6348,IN_TRANSIT_TO,25,30.347422,-97.712166,0.04,
2513,2024-11-01 20:32:26-05,2024-11-01,801,2811287_12440,6348,IN_TRANSIT_TO,25,30.34742,-97.71216,0,
2513,2024-11-01 20:32:41-05,2024-11-01,801,2811287_12440,6348,IN_TRANSIT_TO,25,30.34768,-97.71202,7.15,27
2513,2024-11-01 20:32:56-05,2024-11-01,801,2811287_12440,6348,IN_TRANSIT_TO,25,30.34904,-97.71107,14.31,41
2513,2024-11-01 20:33:15-05,2024-11-01,801,2811287_12440,6348,IN_TRANSIT_TO,25,30.350487,-97.70945,2.77,47.2
2513,2024-11-01 20:33:25-05,2024-11-01,801,2811287_12440,6348,IN_TRANSIT_TO,25,30.350515,-97.70942,0.04,
2513,2024-11-01 20:33:41-05,2024-11-01,801,2811287_12440,6348,IN_TRANSIT_TO,25,30.35109,-97.70861,11.18,49
2513,2024-11-01 20:34:05-05,2024-11-01,801,2811287_12440,6348,IN_TRANSIT_TO,25,30.35306,-97.70592,14.31,49.8
2513,2024-11-01 20:34:15-05,2024-11-01,801,2811287_12440,6348,IN_TRANSIT_TO,25,30.353912,-97.70475,14.8,50.3
2513,2024-11-01 20:34:31-05,2024-11-01,801,2811287_12440,6348,IN_TRANSIT_TO,25,30.3551,-97.70313,6.26,50
2513,2024-11-01 20:34:41-05,2024-11-01,801,2811287_12440,6348,IN_TRANSIT_TO,25,30.35523,-97.70295,0,
2513,2024-11-01 20:35:00-05,2024-11-01,801,2811287_12440,6348,IN_TRANSIT_TO,25,30.355402,-97.70273,6.88,49.4
2513,2024-11-01 20:35:10-05,2024-11-01,801,2811287_12440,6348,STOPPED_AT,25,30.355728,-97.70226,0.36,
2513,2024-11-01 20:35:26-05,2024-11-01,801,2811287_12440,6348,STOPPED_AT,25,30.35574,-97.70225,2.68,49
2513,2024-11-01 20:35:41-05,2024-11-01,801,2811287_12440,2821,IN_TRANSIT_TO,26,30.35664,-97.70105,12.96,48
2513,2024-11-01 20:36:01-05,2024-11-01,801,2811287_12440,2821,IN_TRANSIT_TO,26,30.35833,-97.69965,12.07,26
2513,2024-11-01 20:36:11-05,2024-11-01,801,2811287_12440,2821,IN_TRANSIT_TO,26,30.3594,-97.69904,13.86,26
2513,2024-11-01 20:36:26-05,2024-11-01,801,2811287_12440,2821,IN_TRANSIT_TO,26,30.36109,-97.6981,12.52,26
2513,2024-11-01 20:36:46-05,2024-11-01,801,2811287_12440,2821,STOPPED_AT,26,30.36232,-97.69738,3.58,28
2513,2024-11-01 20:37:01-05,2024-11-01,801,2811287_12440,2821,STOPPED_AT,26,30.3626,-97.69721,0,
2513,2024-11-01 20:37:11-05,2024-11-01,801,2811287_12440,2821,STOPPED_AT,26,30.3626,-97.69721,0,
2513,2024-11-01 20:37:30-05,2024-11-01,801,2811287_12440,4543,IN_TRANSIT_TO,27,30.363705,-97.696594,12.03,25.8
2513,2024-11-01 20:37:46-05,2024-11-01,801,2811287_12440,4543,IN_TRANSIT_TO,27,30.36533,-97.69568,14.31,26
2513,2024-11-01 20:38:02-05,2024-11-01,801,2811287_12440,4543,IN_TRANSIT_TO,27,30.36702,-97.69475,5.81,27
2513,2024-11-01 20:38:11-05,2024-11-01,801,2811287_12440,4543,IN_TRANSIT_TO,27,30.36715,-97.69467,0,
2513,2024-11-01 20:38:25-05,2024-11-01,801,2811287_12440,4543,IN_TRANSIT_TO,27,30.367151,-97.69467,0,
2513,2024-11-01 20:38:41-05,2024-11-01,801,2811287_12440,4543,IN_TRANSIT_TO,27,30.36715,-97.69467,0,
2513,2024-11-01 20:38:56-05,2024-11-01,801,2811287_12440,4543,IN_TRANSIT_TO,27,30.36715,-97.69468,0,
2513,2024-11-01 20:39:11-05,2024-11-01,801,2811287_12440,4543,IN_TRANSIT_TO,27,30.36787,-97.69427,11.18,26
2513,2024-11-01 20:39:26-05,2024-11-01,801,2811287_12440,4543,IN_TRANSIT_TO,27,30.36937,-97.69343,13.1,26.4
2513,2024-11-01 20:39:42-05,2024-11-01,801,2811287_12440,4543,IN_TRANSIT_TO,27,30.37078,-97.69263,9.83,26
2513,2024-11-01 20:40:00-05,2024-11-01,801,2811287_12440,4543,STOPPED_AT,27,30.372059,-97.69188,1.61,27.5
2513,2024-11-01 20:40:12-05,2024-11-01,801,2811287_12440,4543,STOPPED_AT,27,30.37207,-97.69187,0,
2513,2024-11-01 20:40:26-05,2024-11-01,801,2811287_12440,4548,IN_TRANSIT_TO,28,30.3727,-97.69154,10.73,27
2513,2024-11-01 20:40:41-05,2024-11-01,801,2811287_12440,4548,IN_TRANSIT_TO,28,30.37427,-97.69065,14.31,27
2513,2024-11-01 20:41:00-05,2024-11-01,801,2811287_12440,4548,IN_TRANSIT_TO,28,30.376478,-97.68941,14.04,26
2513,2024-11-01 20:41:11-05,2024-11-01,801,2811287_12440,4548,IN_TRANSIT_TO,28,30.37773,-97.6887,14.31,26
2513,2024-11-01 20:41:30-05,2024-11-01,801,2811287_12440,4548,STOPPED_AT,28,30.37942,-97.687775,8.05,25.6
2513,2024-11-01 20:41:40-05,2024-11-01,801,2811287_12440,5270,IN_TRANSIT_TO,29,30.380236,-97.687325,11.13,25.7
2513,2024-11-01 20:41:56-05,2024-11-01,801,2811287_12440,5270,IN_TRANSIT_TO,29,30.38133,-97.68671,1.34,
2513,2024-11-01 20:42:12-05,2024-11-01,801,2811287_12440,5270,IN_TRANSIT_TO,29,30.38134,-97.68671,0,
2513,2024-11-01 20:42:31-05,2024-11-01,801,2811287_12440,5270,IN_TRANSIT_TO,29,30.381338,-97.686714,0,
2513,2024-11-01 20:42:41-05,2024-11-01,801,2811287_12440,5270,IN_TRANSIT_TO,29,30.38134,-97.68671,0.45,
2513,2024-11-01 20:43:00-05,2024-11-01,801,2811287_12440,5270,IN_TRANSIT_TO,29,30.381336,-97.68671,0,
2513,2024-11-01 20:43:16-05,2024-11-01,801,2811287_12440,5270,IN_TRANSIT_TO,29,30.38146,-97.68663,4.92,27
2513,2024-11-01 20:43:26-05,2024-11-01,801,2811287_12440,5270,IN_TRANSIT_TO,29,30.38207,-97.68628,10.28,26
2513,2024-11-01 20:43:41-05,2024-11-01,801,2811287_12440,5270,IN_TRANSIT_TO,29,30.38362,-97.68543,14.31,25
2513,2024-11-01 20:44:00-05,2024-11-01,801,2811287_12440,5270,IN_TRANSIT_TO,29,30.385983,-97.68429,15.6,20.4
2513,2024-11-01 20:44:11-05,2024-11-01,801,2811287_12440,5270,IN_TRANSIT_TO,29,30.38752,-97.68365,16.54,19
2513,2024-11-01 20:44:26-05,2024-11-01,801,2811287_12440,5270,IN_TRANSIT_TO,29,30.3897,-97.68276,18.33,20
2513,2024-11-01 20:44:42-05,2024-11-01,801,2811287_12440,5270,IN_TRANSIT_TO,29,30.39215,-97.68175,18.78,20
2513,2024-11-01 20:44:57-05,2024-11-01,801,2811287_12440,5270,IN_TRANSIT_TO,29,30.39471,-97.68069,20.56,20
2513,2024-11-01 20:45:12-05,2024-11-01,801,2811287_12440,5270,IN_TRANSIT_TO,29,30.39729,-97.67969,18.78,14
2513,2024-11-01 20:45:27-05,2024-11-01,801,2811287_12440,5270,IN_TRANSIT_TO,29,30.39952,-97.67934,16.09,4
2513,2024-11-01 20:45:42-05,2024-11-01,801,2811287_12440,5270,IN_TRANSIT_TO,29,30.4013,-97.67918,6.71,4
2513,2024-11-01 20:46:01-05,2024-11-01,801,2811287_12440,5270,IN_TRANSIT_TO,29,30.40232,-97.67909,11.58,7.2
2513,2024-11-01 20:46:12-05,2024-11-01,801,2811287_12440,5270,IN_TRANSIT_TO,29,30.40363,-97.67889,14.31,8
2513,2024-11-01 20:46:27-05,2024-11-01,801,2811287_12440,5270,STOPPED_AT,29,30.40541,-97.67859,12.07,9
2513,2024-11-01 20:46:42-05,2024-11-01,801,2811287_12440,5304,IN_TRANSIT_TO,30,30.40703,-97.67829,9.83,9
2513,2024-11-01 20:46:57-05,2024-11-01,801,2811287_12440,5304,IN_TRANSIT_TO,30,30.40739,-97.67822,0,
2513,2024-11-01 20:47:12-05,2024-11-01,801,2811287_12440,5304,IN_TRANSIT_TO,30,30.407389,-97.678215,0,
2513,2024-11-01 20:47:27-05,2024-11-01,801,2811287_12440,5304,IN_TRANSIT_TO,30,30.40768,-97.67806,5.36,43
2513,2024-11-01 20:47:42-05,2024-11-01,801,2811287_12440,5304,IN_TRANSIT_TO,30,30.4079,-97.67665,9.39,82
2513,2024-11-01 20:47:57-05,2024-11-01,801,2811287_12440,5304,IN_TRANSIT_TO,30,30.407955,-97.676315,0,
2513,2024-11-01 20:48:12-05,2024-11-01,801,2811287_12440,5304,IN_TRANSIT_TO,30,30.407955,-97.676315,0,
2513,2024-11-01 20:48:28-05,2024-11-01,801,2811287_12440,5304,IN_TRANSIT_TO,30,30.407955,-97.676315,0.31,
2513,2024-11-01 20:48:43-05,2024-11-01,801,2811287_12440,5304,IN_TRANSIT_TO,30,30.408157,-97.67532,9.7,98.7
2513,2024-11-01 20:48:59-05,2024-11-01,801,2811287_12440,5304,IN_TRANSIT_TO,30,30.408175,-97.67381,7.78,25.2
2513,2024-11-01 20:49:14-05,2024-11-01,801,2811287_12440,5304,IN_TRANSIT_TO,30,30.409668,-97.67334,15.11,15.2
2513,2024-11-01 20:49:25-05,2024-11-01,801,2811287_12440,5304,IN_TRANSIT_TO,30,30.411335,-97.67302,18.69,3.1
2513,2024-11-01 20:49:41-05,2024-11-01,801,2811287_12440,5304,IN_TRANSIT_TO,30,30.4137,-97.67306,14.75,360
2513,2024-11-01 20:49:56-05,2024-11-01,801,2811287_12440,5304,IN_TRANSIT_TO,30,30.41585,-97.67273,16.09,9
2513,2024-11-01 20:50:11-05,2024-11-01,801,2811287_12440,5304,IN_TRANSIT_TO,30,30.41761,-97.67238,6.71,10
2513,2024-11-01 20:50:30-05,2024-11-01,801,2811287_12440,5304,IN_TRANSIT_TO,30,30.41765,-97.67121,11.62,98
2513,2024-11-01 20:50:41-05,2024-11-01,801,2811287_12440,5304,IN_TRANSIT_TO,30,30.417343,-97.66988,12.56,123.9
2513,2024-11-01 20:51:02-05,2024-11-01,801,2811287_12440,5304,IN_TRANSIT_TO,30,30.415243,-97.66791,12.52,133.5
2513,2024-11-01 20:51:12-05,2024-11-01,801,2811287_12440,5304,IN_TRANSIT_TO,30,30.41511,-97.66723,6.71,19
2513,2024-11-01 20:51:31-05,2024-11-01,801,2811287_12440,5304,IN_TRANSIT_TO,30,30.416964,-97.666695,12.43,9.7
2513,2024-11-01 20:51:41-05,2024-11-01,801,2811287_12440,5304,IN_TRANSIT_TO,30,30.41774,-97.66655,3.58,352
2513,2024-11-01 20:51:57-05,2024-11-01,801,2811287_12440,5304,IN_TRANSIT_TO,30,30.41803,-97.6673,5.14,318.8
